image_path,live_probability,is_real,detected_as_real
archive/raw/ImposterRaw\0007\0007_01_08_03_109.jpg,0.32150036096572876,False,False
archive/raw/ImposterRaw\0003\0003_01_08_03_76.jpg,0.32086309790611267,False,False
archive/raw/ImposterRaw\0002\0002_01_00_01_55.jpg,0.3367735743522644,False,False
archive/raw/ImposterRaw\0008\0008_00_03_03_225.jpg,0.3125014901161194,False,False
archive/raw/ImposterRaw\0009\0009_01_03_03_136.jpg,0.30137234926223755,False,False
archive/raw/ImposterRaw\0008\0008_00_01_03_477.jpg,0.34594428539276123,False,False
archive/raw/ImposterRaw\0014\0014_01_08_03_37.jpg,0.3335188925266266,False,False
archive/raw/ImposterRaw\0011\0011_01_04_03_296.jpg,0.3208653926849365,False,False
archive/raw/ImposterRaw\0003\0003_01_03_02_263.jpg,0.33637353777885437,False,False
archive/raw/ImposterRaw\0002\0002_01_02_02_244.jpg,0.35538774728775024,False,False
archive/raw/ImposterRaw\0011\0011_01_03_03_468.jpg,0.3293774127960205,False,False
archive/raw/ImposterRaw\0010\0010_01_08_03_147.jpg,0.3353784382343292,False,False
archive/raw/ImposterRaw\0007\0007_01_03_02_279.jpg,0.33956578373908997,False,False
archive/raw/ImposterRaw\0009\0009_01_00_01_123.jpg,0.34778332710266113,False,False
archive/raw/ImposterRaw\0010\0010_01_01_03_292.jpg,0.33660468459129333,False,False
archive/raw/ImposterRaw\0004\0004_01_08_03_141.jpg,0.33057332038879395,False,False
archive/raw/ImposterRaw\0010\0010_01_01_03_392.jpg,0.3311893939971924,False,False
archive/raw/ImposterRaw\0007\0007_01_00_01_251.jpg,0.3519775867462158,False,False
archive/raw/ImposterRaw\0006\0006_00_03_03_255.jpg,0.33776700496673584,False,False
archive/raw/ImposterRaw\0003\0003_01_00_01_30.jpg,0.34886255860328674,False,False
archive/raw/ImposterRaw\0003\0003_01_04_03_150.jpg,0.31547340750694275,False,False
archive/raw/ImposterRaw\0004\0004_01_02_03_20.jpg,0.3287186324596405,False,False
archive/raw/ImposterRaw\0007\0007_01_04_02_116.jpg,0.31223195791244507,False,False
archive/raw/ImposterRaw\0010\0010_01_02_03_441.jpg,0.33942481875419617,False,False
archive/raw/ImposterRaw\0016\0016_01_04_03_342.jpg,0.30138030648231506,False,False
archive/raw/ImposterRaw\0008\0008_00_02_03_76.jpg,0.34957829117774963,False,False
archive/raw/ImposterRaw\0010\0010_01_08_03_214.jpg,0.3345400393009186,False,False
archive/raw/ImposterRaw\0003\0003_01_02_03_234.jpg,0.32678544521331787,False,False
archive/raw/ImposterRaw\0006\0006_00_01_03_232.jpg,0.3251534700393677,False,False
archive/raw/ImposterRaw\0010\0010_01_02_03_154.jpg,0.3117312490940094,False,False
archive/raw/ImposterRaw\0007\0007_01_08_03_493.jpg,0.31856948137283325,False,False
archive/raw/ImposterRaw\0003\0003_01_01_03_372.jpg,0.331707626581192,False,False
archive/raw/ImposterRaw\0014\0014_01_02_03_145.jpg,0.3226870894432068,False,False
archive/raw/ImposterRaw\0001\0001_00_00_01_274.jpg,0.3426149785518646,False,False
archive/raw/ImposterRaw\0002\0002_01_08_03_482.jpg,0.3229161202907562,False,False
archive/raw/ImposterRaw\0005\0005_00_04_03_187.jpg,0.3330029547214508,False,False
archive/raw/ImposterRaw\0005\0005_00_08_03_314.jpg,0.33570346236228943,False,False
archive/raw/ImposterRaw\0008\0008_00_03_03_51.jpg,0.3467552661895752,False,False
archive/raw/ImposterRaw\0004\0004_01_01_03_437.jpg,0.3241035044193268,False,False
archive/raw/ImposterRaw\0014\0014_01_02_03_15.jpg,0.32391640543937683,False,False
archive/raw/ImposterRaw\0012\0012_01_04_03_357.jpg,0.32215386629104614,False,False
archive/raw/ImposterRaw\0001\0001_00_03_03_92.jpg,0.3121226131916046,False,False
archive/raw/ImposterRaw\0009\0009_01_02_03_396.jpg,0.33232957124710083,False,False
archive/raw/ImposterRaw\0012\0012_01_04_03_5.jpg,0.3355083167552948,False,False
archive/raw/ImposterRaw\0002\0002_01_04_03_223.jpg,0.3409527540206909,False,False
archive/raw/ImposterRaw\0015\0015_01_04_03_304.jpg,0.3139263391494751,False,False
archive/raw/ImposterRaw\0006\0006_00_08_03_221.jpg,0.3296366035938263,False,False
archive/raw/ImposterRaw\0012\0012_01_04_03_103.jpg,0.3225439190864563,False,False
archive/raw/ImposterRaw\0001\0001_00_08_03_147.jpg,0.31567323207855225,False,False
archive/raw/ImposterRaw\0016\0016_01_03_03_436.jpg,0.3336191475391388,False,False
archive/raw/ImposterRaw\0001\0001_00_00_01_418.jpg,0.33359596133232117,False,False
archive/raw/ImposterRaw\0011\0011_01_08_03_244.jpg,0.314177006483078,False,False
archive/raw/ImposterRaw\0006\0006_00_01_03_144.jpg,0.3021453022956848,False,False
archive/raw/ImposterRaw\0014\0014_01_03_03_274.jpg,0.32890185713768005,False,False
archive/raw/ImposterRaw\0004\0004_01_01_03_222.jpg,0.3179584741592407,False,False
archive/raw/ImposterRaw\0014\0014_01_01_03_355.jpg,0.3220999538898468,False,False
archive/raw/ImposterRaw\0006\0006_00_04_02_160.jpg,0.32191750407218933,False,False
archive/raw/ImposterRaw\0006\0006_00_03_03_61.jpg,0.325305312871933,False,False
archive/raw/ImposterRaw\0008\0008_00_00_01_233.jpg,0.3327670991420746,False,False
archive/raw/ImposterRaw\0016\0016_01_03_03_463.jpg,0.3084089457988739,False,False
archive/raw/ImposterRaw\0010\0010_01_02_03_58.jpg,0.31895551085472107,False,False
archive/raw/ImposterRaw\0008\0008_00_04_03_114.jpg,0.34589070081710815,False,False
archive/raw/ImposterRaw\0005\0005_00_01_02_355.jpg,0.33064934611320496,False,False
archive/raw/ImposterRaw\0011\0011_01_08_03_0.jpg,0.33941513299942017,False,False
archive/raw/ImposterRaw\0010\0010_01_08_03_261.jpg,0.3358200788497925,False,False
archive/raw/ImposterRaw\0006\0006_00_00_01_465.jpg,0.32441622018814087,False,False
archive/raw/ImposterRaw\0011\0011_01_03_03_94.jpg,0.3119293749332428,False,False
archive/raw/ImposterRaw\0016\0016_01_01_03_325.jpg,0.33530640602111816,False,False
archive/raw/ImposterRaw\0001\0001_00_00_01_427.jpg,0.3323197364807129,False,False
archive/raw/ImposterRaw\0006\0006_00_01_03_316.jpg,0.32233917713165283,False,False
archive/raw/ImposterRaw\0002\0002_01_04_03_454.jpg,0.336866170167923,False,False
archive/raw/ImposterRaw\0002\0002_01_00_01_396.jpg,0.3641647696495056,False,False
archive/raw/ImposterRaw\0004\0004_01_04_03_8.jpg,0.32974886894226074,False,False
archive/raw/ImposterRaw\0005\0005_00_04_03_345.jpg,0.32461291551589966,False,False
archive/raw/ImposterRaw\0015\0015_01_08_03_94.jpg,0.3124287724494934,False,False
archive/raw/ImposterRaw\0002\0002_01_04_02_81.jpg,0.3459686040878296,False,False
archive/raw/ImposterRaw\0001\0001_00_03_03_4.jpg,0.3500567078590393,False,False
archive/raw/ImposterRaw\0008\0008_00_00_01_295.jpg,0.3354417085647583,False,False
archive/raw/ImposterRaw\0003\0003_01_02_03_316.jpg,0.3239504396915436,False,False
archive/raw/ImposterRaw\0009\0009_01_01_03_266.jpg,0.33349844813346863,False,False
archive/raw/ImposterRaw\0007\0007_01_00_01_306.jpg,0.34115371108055115,False,False
archive/raw/ImposterRaw\0008\0008_00_03_03_269.jpg,0.33481261134147644,False,False
archive/raw/ImposterRaw\0002\0002_01_03_02_404.jpg,0.32125580310821533,False,False
archive/raw/ImposterRaw\0014\0014_01_01_03_159.jpg,0.33203476667404175,False,False
archive/raw/ImposterRaw\0008\0008_00_03_03_366.jpg,0.32004112005233765,False,False
archive/raw/ImposterRaw\0001\0001_00_02_02_459.jpg,0.3173113167285919,False,False
archive/raw/ImposterRaw\0012\0012_01_03_03_26.jpg,0.3313171863555908,False,False
archive/raw/ImposterRaw\0001\0001_00_08_03_330.jpg,0.3177066147327423,False,False
archive/raw/ImposterRaw\0008\0008_00_01_03_385.jpg,0.3108188211917877,False,False
archive/raw/ImposterRaw\0016\0016_01_02_03_74.jpg,0.3352160155773163,False,False
archive/raw/ImposterRaw\0012\0012_01_01_03_310.jpg,0.32000622153282166,False,False
archive/raw/ImposterRaw\0002\0002_01_00_01_193.jpg,0.31693702936172485,False,False
archive/raw/ImposterRaw\0016\0016_01_01_03_236.jpg,0.31057971715927124,False,False
archive/raw/ImposterRaw\0003\0003_01_04_03_475.jpg,0.3479035198688507,False,False
archive/raw/ImposterRaw\0003\0003_01_00_01_35.jpg,0.3359085023403168,False,False
archive/raw/ImposterRaw\0014\0014_01_03_03_170.jpg,0.3236425220966339,False,False
archive/raw/ImposterRaw\0014\0014_01_03_03_72.jpg,0.3367253541946411,False,False
archive/raw/ImposterRaw\0008\0008_00_02_03_109.jpg,0.36025920510292053,False,False
archive/raw/ImposterRaw\0005\0005_00_00_01_197.jpg,0.35831698775291443,False,False
archive/raw/ImposterRaw\0004\0004_01_08_03_271.jpg,0.3318687081336975,False,False
archive/raw/ImposterRaw\0014\0014_01_02_03_383.jpg,0.3136604428291321,False,False
archive/raw/ImposterRaw\0007\0007_01_00_01_432.jpg,0.3281500041484833,False,False
archive/raw/ImposterRaw\0015\0015_01_03_03_458.jpg,0.3289794921875,False,False
archive/raw/ImposterRaw\0009\0009_01_04_03_190.jpg,0.3217011094093323,False,False
archive/raw/ImposterRaw\0005\0005_00_04_02_262.jpg,0.3470764756202698,False,False
archive/raw/ImposterRaw\0001\0001_00_02_02_206.jpg,0.33150938153266907,False,False
archive/raw/ImposterRaw\0014\0014_01_03_03_5.jpg,0.3303847014904022,False,False
archive/raw/ImposterRaw\0004\0004_01_01_02_207.jpg,0.33111095428466797,False,False
archive/raw/ImposterRaw\0003\0003_01_01_03_410.jpg,0.31264665722846985,False,False
archive/raw/ImposterRaw\0016\0016_01_04_03_435.jpg,0.3158018887042999,False,False
archive/raw/ImposterRaw\0014\0014_01_01_03_437.jpg,0.3027101755142212,False,False
archive/raw/ImposterRaw\0002\0002_01_01_03_288.jpg,0.33962586522102356,False,False
archive/raw/ImposterRaw\0006\0006_00_02_03_237.jpg,0.33218690752983093,False,False
archive/raw/ImposterRaw\0001\0001_00_00_01_337.jpg,0.3375619053840637,False,False
archive/raw/ImposterRaw\0016\0016_01_01_03_268.jpg,0.33809933066368103,False,False
archive/raw/ImposterRaw\0016\0016_01_03_03_369.jpg,0.3419141471385956,False,False
archive/raw/ImposterRaw\0009\0009_01_01_03_309.jpg,0.33777910470962524,False,False
archive/raw/ImposterRaw\0014\0014_01_01_03_212.jpg,0.3242628872394562,False,False
archive/raw/ImposterRaw\0012\0012_01_04_03_340.jpg,0.3251429498195648,False,False
archive/raw/ImposterRaw\0012\0012_01_04_03_453.jpg,0.3424402177333832,False,False
archive/raw/ImposterRaw\0016\0016_01_08_03_452.jpg,0.33142393827438354,False,False
archive/raw/ImposterRaw\0001\0001_00_08_03_206.jpg,0.32179808616638184,False,False
archive/raw/ImposterRaw\0009\0009_01_01_02_422.jpg,0.3248940110206604,False,False
archive/raw/ImposterRaw\0008\0008_00_08_03_280.jpg,0.31279072165489197,False,False
archive/raw/ImposterRaw\0014\0014_01_08_03_391.jpg,0.3296279311180115,False,False
archive/raw/ImposterRaw\0005\0005_00_04_02_480.jpg,0.3396124541759491,False,False
archive/raw/ImposterRaw\0003\0003_01_00_01_118.jpg,0.33626505732536316,False,False
archive/raw/ImposterRaw\0001\0001_00_08_03_433.jpg,0.31631937623023987,False,False
archive/raw/ImposterRaw\0011\0011_01_02_03_386.jpg,0.3101174533367157,False,False
archive/raw/ImposterRaw\0015\0015_01_04_03_286.jpg,0.3208538293838501,False,False
archive/raw/ImposterRaw\0009\0009_01_04_02_260.jpg,0.3197748363018036,False,False
archive/raw/ImposterRaw\0012\0012_01_04_03_425.jpg,0.3248068690299988,False,False
archive/raw/ImposterRaw\0008\0008_00_00_01_377.jpg,0.33195310831069946,False,False
archive/raw/ImposterRaw\0001\0001_00_00_01_63.jpg,0.34541910886764526,False,False
archive/raw/ImposterRaw\0009\0009_01_00_01_11.jpg,0.3089253008365631,False,False
archive/raw/ImposterRaw\0016\0016_01_03_03_163.jpg,0.32950350642204285,False,False
archive/raw/ImposterRaw\0003\0003_01_03_03_100.jpg,0.33377203345298767,False,False
archive/raw/ImposterRaw\0007\0007_01_04_03_347.jpg,0.3555431663990021,False,False
archive/raw/ImposterRaw\0014\0014_01_03_03_256.jpg,0.32972466945648193,False,False
archive/raw/ImposterRaw\0001\0001_00_04_03_0.jpg,0.2983521521091461,False,False
archive/raw/ImposterRaw\0016\0016_01_08_03_205.jpg,0.3233396112918854,False,False
archive/raw/ImposterRaw\0016\0016_01_02_03_161.jpg,0.32078519463539124,False,False
archive/raw/ImposterRaw\0016\0016_01_08_03_461.jpg,0.3166608214378357,False,False
archive/raw/ImposterRaw\0009\0009_01_03_03_359.jpg,0.31155842542648315,False,False
archive/raw/ImposterRaw\0015\0015_01_03_03_374.jpg,0.3383820056915283,False,False
archive/raw/ImposterRaw\0004\0004_01_01_02_304.jpg,0.31623148918151855,False,False
archive/raw/ImposterRaw\0008\0008_00_02_03_428.jpg,0.3191898465156555,False,False
archive/raw/ImposterRaw\0004\0004_01_00_01_385.jpg,0.32921266555786133,False,False
archive/raw/ImposterRaw\0001\0001_00_08_03_130.jpg,0.31610679626464844,False,False
archive/raw/ImposterRaw\0015\0015_01_04_03_19.jpg,0.32012128829956055,False,False
archive/raw/ImposterRaw\0009\0009_01_04_03_38.jpg,0.3340780436992645,False,False
archive/raw/ImposterRaw\0001\0001_00_02_03_212.jpg,0.3499191105365753,False,False
archive/raw/ImposterRaw\0005\0005_00_08_03_92.jpg,0.3353136479854584,False,False
archive/raw/ImposterRaw\0001\0001_00_01_03_396.jpg,0.3068581819534302,False,False
archive/raw/ImposterRaw\0012\0012_01_04_03_192.jpg,0.3137035071849823,False,False
archive/raw/ImposterRaw\0001\0001_00_00_01_95.jpg,0.3321632742881775,False,False
archive/raw/ImposterRaw\0002\0002_01_01_03_271.jpg,0.3454083204269409,False,False
archive/raw/ImposterRaw\0001\0001_00_03_03_109.jpg,0.3262596130371094,False,False
archive/raw/ImposterRaw\0007\0007_01_03_03_411.jpg,0.3301462233066559,False,False
archive/raw/ImposterRaw\0003\0003_01_00_01_122.jpg,0.32937631011009216,False,False
archive/raw/ImposterRaw\0007\0007_01_01_03_217.jpg,0.3338809907436371,False,False
archive/raw/ImposterRaw\0015\0015_01_04_03_172.jpg,0.33299702405929565,False,False
archive/raw/ImposterRaw\0016\0016_01_04_03_225.jpg,0.3331730365753174,False,False
archive/raw/ImposterRaw\0001\0001_00_00_01_297.jpg,0.3443995416164398,False,False
archive/raw/ImposterRaw\0012\0012_01_03_03_32.jpg,0.33405300974845886,False,False
archive/raw/ImposterRaw\0002\0002_01_08_03_228.jpg,0.32196345925331116,False,False
archive/raw/ImposterRaw\0012\0012_01_03_03_402.jpg,0.32030001282691956,False,False
archive/raw/ImposterRaw\0005\0005_00_02_03_347.jpg,0.32792729139328003,False,False
archive/raw/ImposterRaw\0012\0012_01_02_03_243.jpg,0.3295026421546936,False,False
archive/raw/ImposterRaw\0003\0003_01_00_01_477.jpg,0.3696499168872833,False,False
archive/raw/ImposterRaw\0006\0006_00_01_03_343.jpg,0.3158421516418457,False,False
archive/raw/ImposterRaw\0016\0016_01_03_03_281.jpg,0.3327190577983856,False,False
archive/raw/ImposterRaw\0003\0003_01_02_03_106.jpg,0.3095904588699341,False,False
archive/raw/ImposterRaw\0009\0009_01_00_01_379.jpg,0.3493121564388275,False,False
archive/raw/ImposterRaw\0007\0007_01_00_01_102.jpg,0.35891491174697876,False,False
archive/raw/ImposterRaw\0004\0004_01_03_03_468.jpg,0.31349027156829834,False,False
archive/raw/ImposterRaw\0008\0008_00_00_01_342.jpg,0.3342765271663666,False,False
archive/raw/ImposterRaw\0016\0016_01_01_03_465.jpg,0.3066003918647766,False,False
archive/raw/ImposterRaw\0015\0015_01_02_03_415.jpg,0.3367491364479065,False,False
archive/raw/ImposterRaw\0009\0009_01_00_01_446.jpg,0.35284772515296936,False,False
archive/raw/ImposterRaw\0002\0002_01_00_01_82.jpg,0.340096652507782,False,False
archive/raw/ImposterRaw\0007\0007_01_01_02_116.jpg,0.3427000939846039,False,False
archive/raw/ImposterRaw\0003\0003_01_02_03_492.jpg,0.3192354440689087,False,False
archive/raw/ImposterRaw\0008\0008_00_04_03_125.jpg,0.3641914427280426,False,False
archive/raw/ImposterRaw\0008\0008_00_08_03_394.jpg,0.31528276205062866,False,False
archive/raw/ImposterRaw\0012\0012_01_04_03_287.jpg,0.33400148153305054,False,False
archive/raw/ImposterRaw\0001\0001_00_02_03_461.jpg,0.3087797462940216,False,False
archive/raw/ImposterRaw\0014\0014_01_04_03_448.jpg,0.33054953813552856,False,False
archive/raw/ImposterRaw\0016\0016_01_02_03_401.jpg,0.3238760828971863,False,False
archive/raw/ImposterRaw\0009\0009_01_04_03_433.jpg,0.33118385076522827,False,False
archive/raw/ImposterRaw\0012\0012_01_04_03_327.jpg,0.33111444115638733,False,False
archive/raw/ImposterRaw\0001\0001_00_02_03_450.jpg,0.31188368797302246,False,False
archive/raw/ImposterRaw\0006\0006_00_01_02_118.jpg,0.3438548743724823,False,False
archive/raw/ImposterRaw\0007\0007_01_03_03_400.jpg,0.32756826281547546,False,False
archive/raw/ImposterRaw\0007\0007_01_03_03_217.jpg,0.34079262614250183,False,False
archive/raw/ImposterRaw\0002\0002_01_04_03_158.jpg,0.32822880148887634,False,False
archive/raw/ImposterRaw\0005\0005_00_01_03_240.jpg,0.31834596395492554,False,False
archive/raw/ImposterRaw\0007\0007_01_04_03_474.jpg,0.3106051981449127,False,False
archive/raw/ImposterRaw\0016\0016_01_02_03_102.jpg,0.33115774393081665,False,False
archive/raw/ImposterRaw\0012\0012_01_03_03_315.jpg,0.33613160252571106,False,False
archive/raw/ImposterRaw\0009\0009_01_02_03_141.jpg,0.3365761935710907,False,False
archive/raw/ImposterRaw\0009\0009_01_02_03_488.jpg,0.34369829297065735,False,False
archive/raw/ImposterRaw\0002\0002_01_02_02_226.jpg,0.3479577302932739,False,False
archive/raw/ImposterRaw\0002\0002_01_02_03_260.jpg,0.3435811400413513,False,False
archive/raw/ImposterRaw\0004\0004_01_02_03_67.jpg,0.3432958722114563,False,False
archive/raw/ImposterRaw\0010\0010_01_01_03_463.jpg,0.30922582745552063,False,False
archive/raw/ImposterRaw\0005\0005_00_02_03_125.jpg,0.3287067413330078,False,False
archive/raw/ImposterRaw\0005\0005_00_08_03_396.jpg,0.336899071931839,False,False
archive/raw/ImposterRaw\0014\0014_01_08_03_463.jpg,0.31003445386886597,False,False
archive/raw/ImposterRaw\0008\0008_00_01_02_279.jpg,0.31520190834999084,False,False
archive/raw/ImposterRaw\0016\0016_01_08_03_331.jpg,0.3344820439815521,False,False
archive/raw/ImposterRaw\0004\0004_01_08_03_418.jpg,0.3318551182746887,False,False
archive/raw/ImposterRaw\0003\0003_01_01_02_118.jpg,0.33773642778396606,False,False
archive/raw/ImposterRaw\0009\0009_01_00_01_211.jpg,0.3559260368347168,False,False
archive/raw/ImposterRaw\0011\0011_01_08_03_91.jpg,0.32134634256362915,False,False
archive/raw/ImposterRaw\0010\0010_01_01_03_472.jpg,0.31695660948753357,False,False
archive/raw/ImposterRaw\0014\0014_01_08_03_477.jpg,0.3221622109413147,False,False
archive/raw/ImposterRaw\0008\0008_00_03_03_285.jpg,0.3456667363643646,False,False
archive/raw/ImposterRaw\0002\0002_01_00_01_364.jpg,0.3644026517868042,False,False
archive/raw/ImposterRaw\0004\0004_01_00_01_295.jpg,0.32590824365615845,False,False
archive/raw/ImposterRaw\0005\0005_00_04_03_409.jpg,0.3156142830848694,False,False
archive/raw/ImposterRaw\0002\0002_01_03_03_345.jpg,0.3272836208343506,False,False
archive/raw/ImposterRaw\0002\0002_01_03_03_156.jpg,0.305387020111084,False,False
archive/raw/ImposterRaw\0001\0001_00_02_02_260.jpg,0.32021579146385193,False,False
archive/raw/ImposterRaw\0009\0009_01_03_02_152.jpg,0.3283195495605469,False,False
archive/raw/ImposterRaw\0008\0008_00_03_03_199.jpg,0.30427175760269165,False,False
archive/raw/ImposterRaw\0006\0006_00_03_03_154.jpg,0.3192771375179291,False,False
archive/raw/ImposterRaw\0012\0012_01_03_03_324.jpg,0.340310275554657,False,False
archive/raw/ImposterRaw\0011\0011_01_03_03_231.jpg,0.33648568391799927,False,False
archive/raw/ImposterRaw\0009\0009_01_02_03_444.jpg,0.34201064705848694,False,False
archive/raw/ImposterRaw\0007\0007_01_03_03_374.jpg,0.32340359687805176,False,False
archive/raw/ImposterRaw\0008\0008_00_02_03_6.jpg,0.3407021164894104,False,False
archive/raw/ImposterRaw\0007\0007_01_03_02_134.jpg,0.31419551372528076,False,False
archive/raw/ImposterRaw\0014\0014_01_04_03_466.jpg,0.3163613975048065,False,False
archive/raw/ImposterRaw\0011\0011_01_04_03_27.jpg,0.32147541642189026,False,False
archive/raw/ImposterRaw\0007\0007_01_02_03_198.jpg,0.32760560512542725,False,False
archive/raw/ImposterRaw\0006\0006_00_03_03_13.jpg,0.325756698846817,False,False
archive/raw/ImposterRaw\0007\0007_01_04_03_104.jpg,0.3168984651565552,False,False
archive/raw/ImposterRaw\0001\0001_00_03_03_152.jpg,0.312663197517395,False,False
archive/raw/ImposterRaw\0007\0007_01_00_01_194.jpg,0.3525121212005615,False,False
archive/raw/ImposterRaw\0004\0004_01_01_02_450.jpg,0.33825013041496277,False,False
archive/raw/ImposterRaw\0001\0001_00_00_01_68.jpg,0.33764466643333435,False,False
archive/raw/ImposterRaw\0001\0001_00_03_03_367.jpg,0.3145967721939087,False,False
archive/raw/ImposterRaw\0007\0007_01_01_02_405.jpg,0.31291645765304565,False,False
archive/raw/ImposterRaw\0012\0012_01_03_03_411.jpg,0.32458925247192383,False,False
archive/raw/ImposterRaw\0009\0009_01_08_03_325.jpg,0.3338862657546997,False,False
archive/raw/ImposterRaw\0009\0009_01_03_03_190.jpg,0.315028578042984,False,False
archive/raw/ImposterRaw\0005\0005_00_01_02_69.jpg,0.34015142917633057,False,False
archive/raw/ImposterRaw\0015\0015_01_03_03_485.jpg,0.33156347274780273,False,False
archive/raw/ImposterRaw\0001\0001_00_01_03_25.jpg,0.3275601863861084,False,False
archive/raw/ImposterRaw\0001\0001_00_00_01_22.jpg,0.35594242811203003,False,False
archive/raw/ImposterRaw\0005\0005_00_02_03_70.jpg,0.3446030616760254,False,False
archive/raw/ImposterRaw\0005\0005_00_02_03_390.jpg,0.34619131684303284,False,False
archive/raw/ImposterRaw\0003\0003_01_02_03_67.jpg,0.34912461042404175,False,False
archive/raw/ImposterRaw\0004\0004_01_02_03_414.jpg,0.31265848875045776,False,False
archive/raw/ImposterRaw\0009\0009_01_08_03_141.jpg,0.3290942907333374,False,False
archive/raw/ImposterRaw\0008\0008_00_08_03_310.jpg,0.3145637810230255,False,False
archive/raw/ImposterRaw\0015\0015_01_04_03_456.jpg,0.33583131432533264,False,False
archive/raw/ImposterRaw\0004\0004_01_00_01_286.jpg,0.3227047920227051,False,False
archive/raw/ImposterRaw\0001\0001_00_03_03_183.jpg,0.3167368173599243,False,False
archive/raw/ImposterRaw\0001\0001_00_08_03_341.jpg,0.31778571009635925,False,False
archive/raw/ImposterRaw\0003\0003_01_02_03_98.jpg,0.3210553526878357,False,False
archive/raw/ImposterRaw\0008\0008_00_03_02_388.jpg,0.3340097963809967,False,False
archive/raw/ImposterRaw\0001\0001_00_01_02_0.jpg,0.2792303264141083,False,False
archive/raw/ImposterRaw\0003\0003_01_04_03_265.jpg,0.35364383459091187,False,False
archive/raw/ImposterRaw\0010\0010_01_08_03_67.jpg,0.33628344535827637,False,False
archive/raw/ImposterRaw\0004\0004_01_02_02_0.jpg,0.30768126249313354,False,False
archive/raw/ImposterRaw\0014\0014_01_03_03_481.jpg,0.3221788704395294,False,False
archive/raw/ImposterRaw\0007\0007_01_04_03_180.jpg,0.32011735439300537,False,False
archive/raw/ImposterRaw\0004\0004_01_00_01_16.jpg,0.33829089999198914,False,False
archive/raw/ImposterRaw\0005\0005_00_00_01_434.jpg,0.35715845227241516,False,False
archive/raw/ImposterRaw\0006\0006_00_04_03_295.jpg,0.3420080244541168,False,False
archive/raw/ImposterRaw\0009\0009_01_01_03_125.jpg,0.3374656140804291,False,False
archive/raw/ImposterRaw\0006\0006_00_00_01_377.jpg,0.3260505497455597,False,False
archive/raw/ImposterRaw\0002\0002_01_00_01_378.jpg,0.361934632062912,False,False
archive/raw/ImposterRaw\0009\0009_01_00_01_341.jpg,0.3423636853694916,False,False
archive/raw/ImposterRaw\0016\0016_01_03_03_77.jpg,0.3181063234806061,False,False
archive/raw/ImposterRaw\0003\0003_01_08_03_228.jpg,0.3198835253715515,False,False
archive/raw/ImposterRaw\0009\0009_01_00_01_436.jpg,0.35929927229881287,False,False
archive/raw/ImposterRaw\0005\0005_00_08_03_125.jpg,0.3366510272026062,False,False
archive/raw/ImposterRaw\0002\0002_01_08_03_352.jpg,0.3246989846229553,False,False
archive/raw/ImposterRaw\0006\0006_00_00_01_62.jpg,0.3226211965084076,False,False
archive/raw/ImposterRaw\0004\0004_01_08_03_152.jpg,0.3317417502403259,False,False
archive/raw/ImposterRaw\0015\0015_01_01_03_273.jpg,0.3192268908023834,False,False
archive/raw/ImposterRaw\0008\0008_00_02_03_87.jpg,0.3556836247444153,False,False
archive/raw/ImposterRaw\0003\0003_01_02_03_289.jpg,0.3175131678581238,False,False
archive/raw/ImposterRaw\0007\0007_01_02_03_137.jpg,0.3301686942577362,False,False
archive/raw/ImposterRaw\0007\0007_01_04_03_252.jpg,0.3342271149158478,False,False
archive/raw/ImposterRaw\0016\0016_01_04_03_135.jpg,0.34070393443107605,False,False
archive/raw/ImposterRaw\0014\0014_01_01_03_268.jpg,0.3257462978363037,False,False
archive/raw/ImposterRaw\0008\0008_00_02_03_70.jpg,0.3467378318309784,False,False
archive/raw/ImposterRaw\0009\0009_01_04_03_67.jpg,0.33427712321281433,False,False
archive/raw/ImposterRaw\0005\0005_00_02_03_147.jpg,0.3322271406650543,False,False
archive/raw/ImposterRaw\0011\0011_01_08_03_482.jpg,0.3355933129787445,False,False
archive/raw/ImposterRaw\0005\0005_00_03_03_398.jpg,0.32883739471435547,False,False
archive/raw/ImposterRaw\0012\0012_01_02_03_228.jpg,0.3184424638748169,False,False
archive/raw/ImposterRaw\0004\0004_01_02_03_478.jpg,0.34170669317245483,False,False
archive/raw/ImposterRaw\0004\0004_01_02_02_334.jpg,0.3367721140384674,False,False
archive/raw/ImposterRaw\0004\0004_01_04_03_234.jpg,0.33665236830711365,False,False
archive/raw/ImposterRaw\0016\0016_01_02_03_274.jpg,0.33742958307266235,False,False
archive/raw/ImposterRaw\0002\0002_01_04_03_476.jpg,0.31233999133110046,False,False
archive/raw/ImposterRaw\0014\0014_01_03_03_224.jpg,0.3462419807910919,False,False
archive/raw/ImposterRaw\0007\0007_01_04_02_495.jpg,0.31835371255874634,False,False
archive/raw/ImposterRaw\0003\0003_01_04_03_426.jpg,0.31430092453956604,False,False
archive/raw/ImposterRaw\0009\0009_01_02_03_54.jpg,0.3259280025959015,False,False
archive/raw/ImposterRaw\0001\0001_00_01_02_423.jpg,0.33738985657691956,False,False
archive/raw/ImposterRaw\0016\0016_01_01_03_434.jpg,0.3320191204547882,False,False
archive/raw/ImposterRaw\0005\0005_00_00_01_374.jpg,0.3663509488105774,False,False
archive/raw/ImposterRaw\0006\0006_00_02_03_387.jpg,0.3113533556461334,False,False
archive/raw/ImposterRaw\0012\0012_01_01_03_190.jpg,0.32259079813957214,False,False
archive/raw/ImposterRaw\0015\0015_01_01_03_103.jpg,0.31640687584877014,False,False
archive/raw/ImposterRaw\0006\0006_00_08_03_149.jpg,0.3297136425971985,False,False
archive/raw/ImposterRaw\0014\0014_01_08_03_74.jpg,0.33506444096565247,False,False
archive/raw/ImposterRaw\0015\0015_01_08_03_434.jpg,0.3199921250343323,False,False
archive/raw/ImposterRaw\0002\0002_01_02_03_362.jpg,0.3326124846935272,False,False
archive/raw/ImposterRaw\0001\0001_00_01_03_190.jpg,0.3303113877773285,False,False
archive/raw/ImposterRaw\0001\0001_00_01_02_82.jpg,0.34881675243377686,False,False
archive/raw/ImposterRaw\0007\0007_01_03_03_282.jpg,0.31227907538414,False,False
archive/raw/ImposterRaw\0008\0008_00_02_03_444.jpg,0.32459932565689087,False,False
archive/raw/ImposterRaw\0009\0009_01_02_03_163.jpg,0.3250257968902588,False,False
archive/raw/ImposterRaw\0007\0007_01_02_02_408.jpg,0.3288429081439972,False,False
archive/raw/ImposterRaw\0011\0011_01_01_03_234.jpg,0.339992880821228,False,False
archive/raw/ImposterRaw\0009\0009_01_02_03_385.jpg,0.33111801743507385,False,False
archive/raw/ImposterRaw\0008\0008_00_01_02_242.jpg,0.3264210820198059,False,False
archive/raw/ImposterRaw\0011\0011_01_04_03_25.jpg,0.3283087909221649,False,False
archive/raw/ImposterRaw\0014\0014_01_02_03_374.jpg,0.3124562203884125,False,False
archive/raw/ImposterRaw\0001\0001_00_03_03_172.jpg,0.3073875308036804,False,False
archive/raw/ImposterRaw\0003\0003_01_02_02_483.jpg,0.3357204496860504,False,False
archive/raw/ImposterRaw\0006\0006_00_04_03_325.jpg,0.30255448818206787,False,False
archive/raw/ImposterRaw\0002\0002_01_01_03_347.jpg,0.34411436319351196,False,False
archive/raw/ImposterRaw\0005\0005_00_04_03_292.jpg,0.32438451051712036,False,False
archive/raw/ImposterRaw\0003\0003_01_01_03_88.jpg,0.306379497051239,False,False
archive/raw/ImposterRaw\0006\0006_00_08_03_434.jpg,0.3274969756603241,False,False
archive/raw/ImposterRaw\0005\0005_00_04_03_82.jpg,0.33619120717048645,False,False
archive/raw/ImposterRaw\0005\0005_00_02_02_134.jpg,0.33460089564323425,False,False
archive/raw/ImposterRaw\0014\0014_01_08_03_92.jpg,0.34353402256965637,False,False
archive/raw/ImposterRaw\0009\0009_01_04_03_341.jpg,0.3408369719982147,False,False
archive/raw/ImposterRaw\0001\0001_00_01_03_60.jpg,0.3378148376941681,False,False
archive/raw/ImposterRaw\0011\0011_01_04_03_491.jpg,0.3293195962905884,False,False
archive/raw/ImposterRaw\0007\0007_01_04_03_259.jpg,0.33584266901016235,False,False
archive/raw/ImposterRaw\0008\0008_00_02_02_171.jpg,0.32082080841064453,False,False
archive/raw/ImposterRaw\0007\0007_01_03_02_422.jpg,0.340548038482666,False,False
archive/raw/ImposterRaw\0016\0016_01_08_03_391.jpg,0.3270600438117981,False,False
archive/raw/ImposterRaw\0003\0003_01_08_03_244.jpg,0.31947410106658936,False,False
archive/raw/ImposterRaw\0007\0007_01_01_03_239.jpg,0.3297840654850006,False,False
archive/raw/ImposterRaw\0009\0009_01_00_01_60.jpg,0.3178551197052002,False,False
archive/raw/ImposterRaw\0015\0015_01_03_03_369.jpg,0.3318268954753876,False,False
archive/raw/ImposterRaw\0012\0012_01_03_03_485.jpg,0.3188987970352173,False,False
archive/raw/ImposterRaw\0006\0006_00_03_03_362.jpg,0.328524112701416,False,False
archive/raw/ImposterRaw\0009\0009_01_03_03_264.jpg,0.34596627950668335,False,False
archive/raw/ImposterRaw\0014\0014_01_04_03_424.jpg,0.3285442888736725,False,False
archive/raw/ImposterRaw\0012\0012_01_08_03_421.jpg,0.3282448351383209,False,False
archive/raw/ImposterRaw\0005\0005_00_04_03_334.jpg,0.32232651114463806,False,False
archive/raw/ImposterRaw\0014\0014_01_08_03_445.jpg,0.31674033403396606,False,False
archive/raw/ImposterRaw\0009\0009_01_01_03_233.jpg,0.3217715620994568,False,False
archive/raw/ImposterRaw\0007\0007_01_03_03_309.jpg,0.3424580693244934,False,False
archive/raw/ImposterRaw\0008\0008_00_00_01_402.jpg,0.33407869935035706,False,False
archive/raw/ImposterRaw\0004\0004_01_08_03_363.jpg,0.33238789439201355,False,False
archive/raw/ImposterRaw\0003\0003_01_00_01_313.jpg,0.34412530064582825,False,False
archive/raw/ImposterRaw\0015\0015_01_08_03_272.jpg,0.3247964382171631,False,False
archive/raw/ImposterRaw\0009\0009_01_01_02_279.jpg,0.3260498642921448,False,False
archive/raw/ImposterRaw\0010\0010_01_08_03_473.jpg,0.3277387022972107,False,False
archive/raw/ImposterRaw\0009\0009_01_01_02_116.jpg,0.31889843940734863,False,False
archive/raw/ImposterRaw\0012\0012_01_04_03_389.jpg,0.33326202630996704,False,False
archive/raw/ImposterRaw\0007\0007_01_08_03_358.jpg,0.3183060586452484,False,False
archive/raw/ImposterRaw\0009\0009_01_02_03_390.jpg,0.33060404658317566,False,False
archive/raw/ImposterRaw\0002\0002_01_04_02_0.jpg,0.41055402159690857,False,False
archive/raw/ImposterRaw\0016\0016_01_04_03_44.jpg,0.31899139285087585,False,False
archive/raw/ImposterRaw\0007\0007_01_01_02_260.jpg,0.3277851939201355,False,False
archive/raw/ImposterRaw\0010\0010_01_01_03_491.jpg,0.32774537801742554,False,False
archive/raw/ImposterRaw\0008\0008_00_03_03_252.jpg,0.32021498680114746,False,False
archive/raw/ImposterRaw\0009\0009_01_08_03_70.jpg,0.3255758583545685,False,False
archive/raw/ImposterRaw\0001\0001_00_01_03_385.jpg,0.3143917918205261,False,False
archive/raw/ImposterRaw\0005\0005_00_01_02_391.jpg,0.331055611371994,False,False
archive/raw/ImposterRaw\0009\0009_01_04_03_266.jpg,0.32625657320022583,False,False
archive/raw/ImposterRaw\0008\0008_00_02_03_303.jpg,0.3368327021598816,False,False
archive/raw/ImposterRaw\0004\0004_01_01_03_307.jpg,0.3382144272327423,False,False
archive/raw/ImposterRaw\0001\0001_00_00_01_468.jpg,0.32787972688674927,False,False
archive/raw/ImposterRaw\0001\0001_00_02_02_242.jpg,0.31374603509902954,False,False
archive/raw/ImposterRaw\0008\0008_00_08_03_370.jpg,0.3143824338912964,False,False
archive/raw/ImposterRaw\0004\0004_01_04_03_180.jpg,0.3310151994228363,False,False
archive/raw/ImposterRaw\0010\0010_01_02_03_449.jpg,0.33178046345710754,False,False
archive/raw/ImposterRaw\0008\0008_00_03_03_122.jpg,0.30973222851753235,False,False
archive/raw/ImposterRaw\0002\0002_01_02_03_438.jpg,0.34014227986335754,False,False
archive/raw/ImposterRaw\0004\0004_01_03_03_207.jpg,0.3282221257686615,False,False
archive/raw/ImposterRaw\0008\0008_00_01_02_134.jpg,0.32454612851142883,False,False
archive/raw/ImposterRaw\0002\0002_01_04_03_350.jpg,0.3352355659008026,False,False
archive/raw/ImposterRaw\0011\0011_01_01_03_411.jpg,0.3420482575893402,False,False
archive/raw/ImposterRaw\0001\0001_00_08_03_244.jpg,0.3197128474712372,False,False
archive/raw/ImposterRaw\0005\0005_00_02_03_200.jpg,0.3373399078845978,False,False
archive/raw/ImposterRaw\0008\0008_00_08_03_232.jpg,0.3136683404445648,False,False
archive/raw/ImposterRaw\0002\0002_01_03_03_67.jpg,0.321975439786911,False,False
archive/raw/ImposterRaw\0001\0001_00_03_03_21.jpg,0.32032719254493713,False,False
archive/raw/ImposterRaw\0016\0016_01_02_03_183.jpg,0.30824893712997437,False,False
archive/raw/ImposterRaw\0009\0009_01_04_03_109.jpg,0.3300681710243225,False,False
archive/raw/ImposterRaw\0001\0001_00_01_02_478.jpg,0.3331458270549774,False,False
archive/raw/ImposterRaw\0002\0002_01_04_03_141.jpg,0.31264182925224304,False,False
archive/raw/ImposterRaw\0009\0009_01_03_03_109.jpg,0.32302170991897583,False,False
archive/raw/ImposterRaw\0005\0005_00_01_03_49.jpg,0.35611963272094727,False,False
archive/raw/ImposterRaw\0016\0016_01_08_03_354.jpg,0.3282911777496338,False,False
archive/raw/ImposterRaw\0006\0006_00_03_03_342.jpg,0.3008735179901123,False,False
archive/raw/ImposterRaw\0015\0015_01_08_03_268.jpg,0.3242005705833435,False,False
archive/raw/ImposterRaw\0009\0009_01_00_01_207.jpg,0.34673696756362915,False,False
archive/raw/ImposterRaw\0002\0002_01_02_03_39.jpg,0.32677704095840454,False,False
archive/raw/ImposterRaw\0009\0009_01_03_03_328.jpg,0.31263068318367004,False,False
archive/raw/ImposterRaw\0006\0006_00_00_01_34.jpg,0.3195621073246002,False,False
archive/raw/ImposterRaw\0004\0004_01_03_02_377.jpg,0.3178389072418213,False,False
archive/raw/ImposterRaw\0016\0016_01_01_03_131.jpg,0.33927255868911743,False,False
archive/raw/ImposterRaw\0009\0009_01_08_03_260.jpg,0.3352479338645935,False,False
archive/raw/ImposterRaw\0010\0010_01_02_03_99.jpg,0.3420965373516083,False,False
archive/raw/ImposterRaw\0014\0014_01_03_03_297.jpg,0.3362503945827484,False,False
archive/raw/ImposterRaw\0014\0014_01_03_03_31.jpg,0.34690719842910767,False,False
archive/raw/ImposterRaw\0001\0001_00_00_01_279.jpg,0.3303624093532562,False,False
archive/raw/ImposterRaw\0014\0014_01_08_03_136.jpg,0.33895382285118103,False,False
archive/raw/ImposterRaw\0005\0005_00_02_03_87.jpg,0.3307913541793823,False,False
archive/raw/ImposterRaw\0008\0008_00_01_03_174.jpg,0.3181688189506531,False,False
archive/raw/ImposterRaw\0003\0003_01_03_03_327.jpg,0.31692826747894287,False,False
archive/raw/ImposterRaw\0016\0016_01_02_03_297.jpg,0.3297778367996216,False,False
archive/raw/ImposterRaw\0014\0014_01_03_03_364.jpg,0.31754857301712036,False,False
archive/raw/ImposterRaw\0002\0002_01_01_03_293.jpg,0.33840012550354004,False,False
archive/raw/ImposterRaw\0009\0009_01_00_01_141.jpg,0.346219539642334,False,False
archive/raw/ImposterRaw\0004\0004_01_08_03_25.jpg,0.33148258924484253,False,False
archive/raw/ImposterRaw\0012\0012_01_04_03_393.jpg,0.3323485851287842,False,False
archive/raw/ImposterRaw\0009\0009_01_08_03_158.jpg,0.329977810382843,False,False
archive/raw/ImposterRaw\0004\0004_01_02_02_352.jpg,0.32402515411376953,False,False
archive/raw/ImposterRaw\0002\0002_01_04_03_93.jpg,0.3464137017726898,False,False
archive/raw/ImposterRaw\0005\0005_00_02_03_65.jpg,0.3326679766178131,False,False
archive/raw/ImposterRaw\0005\0005_00_01_02_116.jpg,0.33352357149124146,False,False
archive/raw/ImposterRaw\0005\0005_00_08_03_277.jpg,0.3400241732597351,False,False
archive/raw/ImposterRaw\0015\0015_01_02_03_451.jpg,0.3248014450073242,False,False
archive/raw/ImposterRaw\0007\0007_01_08_03_169.jpg,0.31988829374313354,False,False
archive/raw/ImposterRaw\0007\0007_01_00_01_39.jpg,0.3320073187351227,False,False
archive/raw/ImposterRaw\0009\0009_01_03_02_332.jpg,0.34036198258399963,False,False
archive/raw/ImposterRaw\0005\0005_00_04_03_132.jpg,0.337490439414978,False,False
archive/raw/ImposterRaw\0008\0008_00_04_03_429.jpg,0.36503762006759644,False,False
archive/raw/ImposterRaw\0003\0003_01_04_02_418.jpg,0.33289632201194763,False,False
archive/raw/ImposterRaw\0004\0004_01_01_03_85.jpg,0.330610066652298,False,False
archive/raw/ImposterRaw\0008\0008_00_02_03_288.jpg,0.3447837829589844,False,False
archive/raw/ImposterRaw\0006\0006_00_01_03_224.jpg,0.32878178358078003,False,False
archive/raw/ImposterRaw\0007\0007_01_02_03_462.jpg,0.3317073583602905,False,False
archive/raw/ImposterRaw\0007\0007_01_00_01_176.jpg,0.33739176392555237,False,False
archive/raw/ImposterRaw\0007\0007_01_01_02_170.jpg,0.3411441147327423,False,False
archive/raw/ImposterRaw\0016\0016_01_08_03_102.jpg,0.32287004590034485,False,False
archive/raw/ImposterRaw\0010\0010_01_02_03_484.jpg,0.32410532236099243,False,False
archive/raw/ImposterRaw\0007\0007_01_04_03_401.jpg,0.3444042205810547,False,False
archive/raw/ImposterRaw\0001\0001_00_04_02_369.jpg,0.3364390432834625,False,False
archive/raw/ImposterRaw\0005\0005_00_00_01_406.jpg,0.3575911819934845,False,False
archive/raw/ImposterRaw\0012\0012_01_04_03_203.jpg,0.32960203289985657,False,False
archive/raw/ImposterRaw\0004\0004_01_01_02_92.jpg,0.306308776140213,False,False
archive/raw/ImposterRaw\0007\0007_01_04_02_170.jpg,0.32221803069114685,False,False
archive/raw/ImposterRaw\0007\0007_01_02_02_317.jpg,0.32367753982543945,False,False
archive/raw/ImposterRaw\0001\0001_00_02_02_134.jpg,0.31964704394340515,False,False
archive/raw/ImposterRaw\0009\0009_01_01_03_54.jpg,0.3436780273914337,False,False
archive/raw/ImposterRaw\0015\0015_01_04_03_359.jpg,0.3255844712257385,False,False
archive/raw/ImposterRaw\0016\0016_01_02_03_288.jpg,0.3236406147480011,False,False
archive/raw/ImposterRaw\0009\0009_01_08_03_374.jpg,0.3319092094898224,False,False
archive/raw/ImposterRaw\0007\0007_01_01_03_266.jpg,0.3201884627342224,False,False
archive/raw/ImposterRaw\0009\0009_01_04_03_196.jpg,0.3246171772480011,False,False
archive/raw/ImposterRaw\0004\0004_01_00_01_169.jpg,0.3404804766178131,False,False
archive/raw/ImposterRaw\0006\0006_00_00_01_67.jpg,0.32951441407203674,False,False
archive/raw/ImposterRaw\0015\0015_01_03_03_125.jpg,0.3094872534275055,False,False
archive/raw/ImposterRaw\0002\0002_01_00_01_305.jpg,0.33578455448150635,False,False
archive/raw/ImposterRaw\0009\0009_01_04_02_369.jpg,0.31696751713752747,False,False
archive/raw/ImposterRaw\0016\0016_01_01_03_340.jpg,0.33941909670829773,False,False
archive/raw/ImposterRaw\0004\0004_01_03_03_62.jpg,0.3400917649269104,False,False
archive/raw/ImposterRaw\0001\0001_00_03_02_320.jpg,0.32367566227912903,False,False
archive/raw/ImposterRaw\0014\0014_01_01_03_254.jpg,0.32526713609695435,False,False
archive/raw/ImposterRaw\0014\0014_01_02_03_205.jpg,0.3146616220474243,False,False
archive/raw/ImposterRaw\0001\0001_00_03_03_467.jpg,0.3238227963447571,False,False
archive/raw/ImposterRaw\0014\0014_01_08_03_122.jpg,0.32412734627723694,False,False
archive/raw/ImposterRaw\0003\0003_01_08_03_396.jpg,0.34046807885169983,False,False
archive/raw/ImposterRaw\0001\0001_00_03_03_103.jpg,0.31481650471687317,False,False
archive/raw/ImposterRaw\0005\0005_00_02_03_141.jpg,0.3294335603713989,False,False
archive/raw/ImposterRaw\0014\0014_01_04_03_410.jpg,0.34340742230415344,False,False
archive/raw/ImposterRaw\0003\0003_01_03_03_376.jpg,0.344460129737854,False,False
archive/raw/ImposterRaw\0005\0005_00_02_03_99.jpg,0.3306393623352051,False,False
archive/raw/ImposterRaw\0016\0016_01_03_03_203.jpg,0.3258460462093353,False,False
archive/raw/ImposterRaw\0015\0015_01_01_03_267.jpg,0.3208647072315216,False,False
archive/raw/ImposterRaw\0003\0003_01_03_02_481.jpg,0.32862043380737305,False,False
archive/raw/ImposterRaw\0001\0001_00_03_03_98.jpg,0.31687477231025696,False,False
archive/raw/ImposterRaw\0002\0002_01_03_02_63.jpg,0.34143000841140747,False,False
archive/raw/ImposterRaw\0003\0003_01_01_03_36.jpg,0.33561068773269653,False,False
archive/raw/ImposterRaw\0008\0008_00_02_02_207.jpg,0.3211987614631653,False,False
archive/raw/ImposterRaw\0008\0008_00_03_03_15.jpg,0.32955998182296753,False,False
archive/raw/ImposterRaw\0004\0004_01_00_01_448.jpg,0.33126121759414673,False,False
archive/raw/ImposterRaw\0001\0001_00_08_03_54.jpg,0.31315386295318604,False,False
archive/raw/ImposterRaw\0003\0003_01_04_03_393.jpg,0.35621437430381775,False,False
archive/raw/ImposterRaw\0007\0007_01_08_03_136.jpg,0.32069817185401917,False,False
archive/raw/ImposterRaw\0005\0005_00_04_03_414.jpg,0.3357701003551483,False,False
archive/raw/ImposterRaw\0012\0012_01_04_03_296.jpg,0.33685722947120667,False,False
archive/raw/ImposterRaw\0015\0015_01_03_03_199.jpg,0.3059496581554413,False,False
archive/raw/ImposterRaw\0011\0011_01_03_03_491.jpg,0.3433680236339569,False,False
archive/raw/ImposterRaw\0005\0005_00_00_01_439.jpg,0.356865257024765,False,False
archive/raw/ImposterRaw\0007\0007_01_03_03_147.jpg,0.3010058104991913,False,False
archive/raw/ImposterRaw\0001\0001_00_03_02_394.jpg,0.3463965058326721,False,False
archive/raw/ImposterRaw\0009\0009_01_00_01_285.jpg,0.330417275428772,False,False
archive/raw/ImposterRaw\0010\0010_01_08_03_491.jpg,0.3164035975933075,False,False
archive/raw/ImposterRaw\0004\0004_01_08_03_190.jpg,0.3321217894554138,False,False
archive/raw/ImposterRaw\0001\0001_00_03_03_478.jpg,0.3297351896762848,False,False
archive/raw/ImposterRaw\0014\0014_01_04_03_81.jpg,0.34278157353401184,False,False
archive/raw/ImposterRaw\0011\0011_01_01_03_257.jpg,0.3219011723995209,False,False
archive/raw/ImposterRaw\0004\0004_01_00_01_376.jpg,0.3344889283180237,False,False
archive/raw/ImposterRaw\0001\0001_00_01_02_116.jpg,0.3388177454471588,False,False
archive/raw/ImposterRaw\0008\0008_00_04_03_152.jpg,0.3578641712665558,False,False
archive/raw/ImposterRaw\0005\0005_00_01_03_392.jpg,0.3271162509918213,False,False
archive/raw/ImposterRaw\0009\0009_01_02_03_352.jpg,0.32756635546684265,False,False
archive/raw/ImposterRaw\0015\0015_01_03_03_111.jpg,0.32089024782180786,False,False
archive/raw/ImposterRaw\0004\0004_01_04_03_399.jpg,0.32863298058509827,False,False
archive/raw/ImposterRaw\0014\0014_01_08_03_258.jpg,0.3301771581172943,False,False
archive/raw/ImposterRaw\0007\0007_01_02_03_419.jpg,0.31360167264938354,False,False
archive/raw/ImposterRaw\0001\0001_00_03_03_34.jpg,0.31128302216529846,False,False
archive/raw/ImposterRaw\0014\0014_01_02_03_107.jpg,0.3440886437892914,False,False
archive/raw/ImposterRaw\0002\0002_01_04_03_367.jpg,0.3274875581264496,False,False
archive/raw/ImposterRaw\0004\0004_01_01_02_170.jpg,0.31190672516822815,False,False
archive/raw/ImposterRaw\0015\0015_01_03_03_416.jpg,0.3256305158138275,False,False
archive/raw/ImposterRaw\0008\0008_00_01_02_350.jpg,0.3390524983406067,False,False
archive/raw/ImposterRaw\0008\0008_00_08_03_460.jpg,0.31896841526031494,False,False
archive/raw/ImposterRaw\0010\0010_01_01_03_164.jpg,0.33910420536994934,False,False
archive/raw/ImposterRaw\0004\0004_01_02_03_267.jpg,0.3574177324771881,False,False
archive/raw/ImposterRaw\0006\0006_00_04_02_274.jpg,0.3129938840866089,False,False
archive/raw/ImposterRaw\0007\0007_01_03_02_66.jpg,0.3289722204208374,False,False
archive/raw/ImposterRaw\0006\0006_00_01_03_257.jpg,0.3313816487789154,False,False
archive/raw/ImposterRaw\0014\0014_01_08_03_365.jpg,0.3186638057231903,False,False
archive/raw/ImposterRaw\0016\0016_01_03_03_186.jpg,0.3477436602115631,False,False
archive/raw/ImposterRaw\0007\0007_01_02_03_402.jpg,0.30983322858810425,False,False
archive/raw/ImposterRaw\0001\0001_00_04_03_262.jpg,0.305143803358078,False,False
archive/raw/ImposterRaw\0009\0009_01_00_01_193.jpg,0.35695236921310425,False,False
archive/raw/ImposterRaw\0001\0001_00_01_03_489.jpg,0.31866201758384705,False,False
archive/raw/ImposterRaw\0004\0004_01_00_01_466.jpg,0.3310718238353729,False,False
archive/raw/ImposterRaw\0009\0009_01_03_03_163.jpg,0.3122880458831787,False,False
archive/raw/ImposterRaw\0002\0002_01_03_03_180.jpg,0.3241898715496063,False,False
archive/raw/ImposterRaw\0008\0008_00_04_02_424.jpg,0.3284553587436676,False,False
archive/raw/ImposterRaw\0010\0010_01_01_03_201.jpg,0.3465304374694824,False,False
archive/raw/ImposterRaw\0003\0003_01_02_03_448.jpg,0.3078678250312805,False,False
archive/raw/ImposterRaw\0003\0003_01_01_03_365.jpg,0.3393046259880066,False,False
archive/raw/ImposterRaw\0012\0012_01_04_03_80.jpg,0.32803425192832947,False,False
archive/raw/ImposterRaw\0001\0001_00_01_03_299.jpg,0.3149983882904053,False,False
archive/raw/ImposterRaw\0002\0002_01_02_03_405.jpg,0.33195760846138,False,False
archive/raw/ImposterRaw\0001\0001_00_04_03_30.jpg,0.3174836337566376,False,False
archive/raw/ImposterRaw\0003\0003_01_03_03_67.jpg,0.32280272245407104,False,False
archive/raw/ImposterRaw\0001\0001_00_01_03_325.jpg,0.3101426362991333,False,False
archive/raw/ImposterRaw\0003\0003_01_08_03_325.jpg,0.31965115666389465,False,False
archive/raw/ImposterRaw\0009\0009_01_02_03_136.jpg,0.3312385082244873,False,False
archive/raw/ImposterRaw\0010\0010_01_02_03_461.jpg,0.3295333981513977,False,False
archive/raw/ImposterRaw\0006\0006_00_08_03_378.jpg,0.329374223947525,False,False
archive/raw/ImposterRaw\0014\0014_01_08_03_164.jpg,0.32269448041915894,False,False
archive/raw/ImposterRaw\0007\0007_01_00_01_120.jpg,0.3596944510936737,False,False
archive/raw/ImposterRaw\0012\0012_01_03_03_393.jpg,0.3245229423046112,False,False
archive/raw/ImposterRaw\0016\0016_01_08_03_273.jpg,0.32345739006996155,False,False
archive/raw/ImposterRaw\0004\0004_01_03_03_234.jpg,0.3314802050590515,False,False
archive/raw/ImposterRaw\0014\0014_01_08_03_131.jpg,0.34079763293266296,False,False
archive/raw/ImposterRaw\0007\0007_01_03_03_255.jpg,0.3117697536945343,False,False
archive/raw/ImposterRaw\0002\0002_01_03_02_0.jpg,0.4022735357284546,False,False
archive/raw/ImposterRaw\0016\0016_01_01_03_247.jpg,0.32518666982650757,False,False
archive/raw/ImposterRaw\0009\0009_01_03_03_248.jpg,0.3367815613746643,False,False
archive/raw/ImposterRaw\0002\0002_01_04_03_207.jpg,0.3529159426689148,False,False
archive/raw/ImposterRaw\0008\0008_00_01_03_114.jpg,0.3313576281070709,False,False
archive/raw/ImposterRaw\0008\0008_00_00_01_104.jpg,0.3326619267463684,False,False
archive/raw/ImposterRaw\0016\0016_01_08_03_466.jpg,0.30548250675201416,False,False
archive/raw/ImposterRaw\0009\0009_01_00_01_65.jpg,0.31386664509773254,False,False
archive/raw/ImposterRaw\0007\0007_01_02_03_103.jpg,0.3643743097782135,False,False
archive/raw/ImposterRaw\0007\0007_01_02_03_282.jpg,0.3338295519351959,False,False
archive/raw/ImposterRaw\0002\0002_01_08_03_206.jpg,0.322738379240036,False,False
archive/raw/ImposterRaw\0014\0014_01_01_03_350.jpg,0.3405536413192749,False,False
archive/raw/ImposterRaw\0016\0016_01_03_03_286.jpg,0.3344133794307709,False,False
archive/raw/ImposterRaw\0004\0004_01_01_03_185.jpg,0.3182910680770874,False,False
archive/raw/ImposterRaw\0014\0014_01_08_03_202.jpg,0.3211844265460968,False,False
archive/raw/ImposterRaw\0015\0015_01_02_03_406.jpg,0.3347479999065399,False,False
archive/raw/ImposterRaw\0002\0002_01_01_03_309.jpg,0.34453269839286804,False,False
archive/raw/ImposterRaw\0009\0009_01_03_03_397.jpg,0.3189747631549835,False,False
archive/raw/ImposterRaw\0004\0004_01_02_03_103.jpg,0.32618433237075806,False,False
archive/raw/ImposterRaw\0002\0002_01_08_03_400.jpg,0.32591718435287476,False,False
archive/raw/ImposterRaw\0015\0015_01_03_03_102.jpg,0.3265889286994934,False,False
archive/raw/ImposterRaw\0003\0003_01_01_02_209.jpg,0.33173900842666626,False,False
archive/raw/ImposterRaw\0001\0001_00_00_01_355.jpg,0.3335177004337311,False,False
archive/raw/ImposterRaw\0001\0001_00_00_01_251.jpg,0.34227678179740906,False,False
archive/raw/ImposterRaw\0015\0015_01_08_03_243.jpg,0.32955384254455566,False,False
archive/raw/ImposterRaw\0012\0012_01_01_03_432.jpg,0.3631276488304138,False,False
archive/raw/ImposterRaw\0014\0014_01_08_03_374.jpg,0.32503703236579895,False,False
archive/raw/ImposterRaw\0009\0009_01_01_02_332.jpg,0.3209728002548218,False,False
archive/raw/ImposterRaw\0003\0003_01_02_02_302.jpg,0.34645935893058777,False,False
archive/raw/ImposterRaw\0010\0010_01_01_03_50.jpg,0.3177267014980316,False,False
archive/raw/ImposterRaw\0008\0008_00_08_03_202.jpg,0.3123360276222229,False,False
archive/raw/ImposterRaw\0001\0001_00_01_03_472.jpg,0.35008472204208374,False,False
archive/raw/ImposterRaw\0014\0014_01_01_03_120.jpg,0.34584176540374756,False,False
archive/raw/ImposterRaw\0002\0002_01_00_01_31.jpg,0.347476989030838,False,False
archive/raw/ImposterRaw\0005\0005_00_00_01_17.jpg,0.34115150570869446,False,False
archive/raw/ImposterRaw\0014\0014_01_01_03_370.jpg,0.3292251527309418,False,False
archive/raw/ImposterRaw\0008\0008_00_03_03_452.jpg,0.32821017503738403,False,False
archive/raw/ImposterRaw\0010\0010_01_02_03_266.jpg,0.32285162806510925,False,False
archive/raw/ImposterRaw\0003\0003_01_04_03_276.jpg,0.3353232443332672,False,False
archive/raw/ImposterRaw\0002\0002_01_00_01_102.jpg,0.3671613931655884,False,False
archive/raw/ImposterRaw\0008\0008_00_02_03_152.jpg,0.3167027235031128,False,False
archive/raw/ImposterRaw\0001\0001_00_02_03_66.jpg,0.37189802527427673,False,False
archive/raw/ImposterRaw\0009\0009_01_02_03_288.jpg,0.32000046968460083,False,False
archive/raw/ImposterRaw\0015\0015_01_03_03_342.jpg,0.3106335997581482,False,False
archive/raw/ImposterRaw\0012\0012_01_01_03_217.jpg,0.31679996848106384,False,False
archive/raw/ImposterRaw\0006\0006_00_02_03_269.jpg,0.33404213190078735,False,False
archive/raw/ImposterRaw\0003\0003_01_01_03_234.jpg,0.332491934299469,False,False
archive/raw/ImposterRaw\0011\0011_01_01_03_157.jpg,0.33055174350738525,False,False
archive/raw/ImposterRaw\0009\0009_01_04_02_477.jpg,0.3278735876083374,False,False
archive/raw/ImposterRaw\0016\0016_01_04_03_365.jpg,0.32402661442756653,False,False
archive/raw/ImposterRaw\0016\0016_01_04_03_13.jpg,0.3182589113712311,False,False
archive/raw/ImposterRaw\0009\0009_01_08_03_400.jpg,0.3327903151512146,False,False
archive/raw/ImposterRaw\0014\0014_01_03_03_314.jpg,0.33743685483932495,False,False
archive/raw/ImposterRaw\0005\0005_00_03_03_260.jpg,0.3161395490169525,False,False
archive/raw/ImposterRaw\0003\0003_01_01_03_136.jpg,0.3270615041255951,False,False
archive/raw/ImposterRaw\0008\0008_00_02_02_37.jpg,0.3258109986782074,False,False
archive/raw/ImposterRaw\0005\0005_00_01_03_208.jpg,0.31416067481040955,False,False
archive/raw/ImposterRaw\0006\0006_00_03_02_215.jpg,0.3444061875343323,False,False
archive/raw/ImposterRaw\0010\0010_01_02_03_284.jpg,0.32462090253829956,False,False
archive/raw/ImposterRaw\0003\0003_01_03_03_130.jpg,0.3225196897983551,False,False
archive/raw/ImposterRaw\0008\0008_00_03_03_447.jpg,0.3277238607406616,False,False
archive/raw/ImposterRaw\0012\0012_01_04_03_60.jpg,0.3394492566585541,False,False
archive/raw/ImposterRaw\0002\0002_01_04_03_59.jpg,0.34261271357536316,False,False
archive/raw/ImposterRaw\0005\0005_00_01_03_446.jpg,0.32460498809814453,False,False
archive/raw/ImposterRaw\0009\0009_01_00_01_249.jpg,0.3530222475528717,False,False
archive/raw/ImposterRaw\0012\0012_01_02_03_112.jpg,0.3285357654094696,False,False
archive/raw/ImposterRaw\0008\0008_00_08_03_454.jpg,0.31907668709754944,False,False
archive/raw/ImposterRaw\0011\0011_01_03_03_441.jpg,0.3237587511539459,False,False
archive/raw/ImposterRaw\0002\0002_01_01_03_385.jpg,0.3472735583782196,False,False
archive/raw/ImposterRaw\0007\0007_01_02_03_305.jpg,0.34012371301651,False,False
archive/raw/ImposterRaw\0002\0002_01_03_03_98.jpg,0.3306174874305725,False,False
archive/raw/ImposterRaw\0009\0009_01_02_03_325.jpg,0.32284310460090637,False,False
archive/raw/ImposterRaw\0010\0010_01_08_03_187.jpg,0.3347385823726654,False,False
archive/raw/ImposterRaw\0008\0008_00_02_03_158.jpg,0.3133391737937927,False,False
archive/raw/ImposterRaw\0016\0016_01_04_03_216.jpg,0.3333132863044739,False,False
archive/raw/ImposterRaw\0007\0007_01_03_03_130.jpg,0.3022829592227936,False,False
archive/raw/ImposterRaw\0003\0003_01_03_03_142.jpg,0.32454222440719604,False,False
archive/raw/ImposterRaw\0015\0015_01_03_03_17.jpg,0.3453132212162018,False,False
archive/raw/ImposterRaw\0012\0012_01_04_03_268.jpg,0.33290863037109375,False,False
archive/raw/ImposterRaw\0009\0009_01_04_02_495.jpg,0.3241337537765503,False,False
archive/raw/ImposterRaw\0012\0012_01_03_03_91.jpg,0.3002082109451294,False,False
archive/raw/ImposterRaw\0006\0006_00_02_02_195.jpg,0.3336161971092224,False,False
archive/raw/ImposterRaw\0003\0003_01_03_03_433.jpg,0.35382673144340515,False,False
archive/raw/ImposterRaw\0001\0001_00_02_03_256.jpg,0.30514922738075256,False,False
archive/raw/ImposterRaw\0002\0002_01_08_03_336.jpg,0.32399800419807434,False,False
archive/raw/ImposterRaw\0003\0003_01_01_03_383.jpg,0.33926671743392944,False,False
archive/raw/ImposterRaw\0007\0007_01_02_03_288.jpg,0.34605446457862854,False,False
archive/raw/ImposterRaw\0009\0009_01_02_02_136.jpg,0.32906994223594666,False,False
archive/raw/ImposterRaw\0014\0014_01_02_03_257.jpg,0.31213003396987915,False,False
archive/raw/ImposterRaw\0004\0004_01_02_03_114.jpg,0.3265097141265869,False,False
archive/raw/ImposterRaw\0009\0009_01_04_02_314.jpg,0.32085952162742615,False,False
archive/raw/ImposterRaw\0002\0002_01_00_01_91.jpg,0.35329267382621765,False,False
archive/raw/ImposterRaw\0007\0007_01_00_01_297.jpg,0.348926305770874,False,False
archive/raw/ImposterRaw\0001\0001_00_04_03_56.jpg,0.33400219678878784,False,False
archive/raw/ImposterRaw\0016\0016_01_02_03_368.jpg,0.3206087350845337,False,False
archive/raw/ImposterRaw\0016\0016_01_03_03_45.jpg,0.30924537777900696,False,False
archive/raw/ImposterRaw\0011\0011_01_01_03_120.jpg,0.33748260140419006,False,False
archive/raw/ImposterRaw\0001\0001_00_02_02_170.jpg,0.30799001455307007,False,False
archive/raw/ImposterRaw\0015\0015_01_04_03_327.jpg,0.32881638407707214,False,False
archive/raw/ImposterRaw\0001\0001_00_02_02_440.jpg,0.3150663673877716,False,False
archive/raw/ImposterRaw\0009\0009_01_04_03_233.jpg,0.32671067118644714,False,False
archive/raw/ImposterRaw\0007\0007_01_02_03_446.jpg,0.32622841000556946,False,False
archive/raw/ImposterRaw\0015\0015_01_01_03_178.jpg,0.2909453511238098,False,False
archive/raw/ImposterRaw\0005\0005_00_02_03_282.jpg,0.3293377459049225,False,False
archive/raw/ImposterRaw\0016\0016_01_04_03_85.jpg,0.31672024726867676,False,False
archive/raw/ImposterRaw\0014\0014_01_02_03_43.jpg,0.3092731535434723,False,False
archive/raw/ImposterRaw\0004\0004_01_02_02_28.jpg,0.31761011481285095,False,False
archive/raw/ImposterRaw\0008\0008_00_04_03_217.jpg,0.3341553807258606,False,False
archive/raw/ImposterRaw\0001\0001_00_03_03_318.jpg,0.34655678272247314,False,False
archive/raw/ImposterRaw\0015\0015_01_04_03_267.jpg,0.2839479148387909,False,False
archive/raw/ImposterRaw\0008\0008_00_04_03_99.jpg,0.351212739944458,False,False
archive/raw/ImposterRaw\0001\0001_00_04_03_136.jpg,0.31620025634765625,False,False
archive/raw/ImposterRaw\0001\0001_00_04_03_152.jpg,0.31302696466445923,False,False
archive/raw/ImposterRaw\0008\0008_00_02_02_19.jpg,0.32069575786590576,False,False
archive/raw/ImposterRaw\0014\0014_01_03_03_148.jpg,0.3349616825580597,False,False
archive/raw/ImposterRaw\0006\0006_00_08_03_260.jpg,0.3318674564361572,False,False
archive/raw/ImposterRaw\0005\0005_00_08_03_303.jpg,0.3356305956840515,False,False
archive/raw/ImposterRaw\0007\0007_01_01_03_152.jpg,0.31890544295310974,False,False
archive/raw/ImposterRaw\0008\0008_00_01_03_158.jpg,0.30804869532585144,False,False
archive/raw/ImposterRaw\0006\0006_00_01_03_0.jpg,0.3397967517375946,False,False
archive/raw/ImposterRaw\0007\0007_01_04_03_17.jpg,0.3215431272983551,False,False
archive/raw/ImposterRaw\0001\0001_00_00_01_391.jpg,0.3397133946418762,False,False
archive/raw/ImposterRaw\0002\0002_01_04_02_63.jpg,0.349092960357666,False,False
archive/raw/ImposterRaw\0012\0012_01_04_03_163.jpg,0.31631025671958923,False,False
archive/raw/ImposterRaw\0014\0014_01_03_03_152.jpg,0.3394274115562439,False,False
archive/raw/ImposterRaw\0011\0011_01_01_03_217.jpg,0.3219771981239319,False,False
archive/raw/ImposterRaw\0012\0012_01_08_03_214.jpg,0.31488507986068726,False,False
archive/raw/ImposterRaw\0001\0001_00_00_01_413.jpg,0.33787548542022705,False,False
archive/raw/ImposterRaw\0007\0007_01_03_02_314.jpg,0.3436187207698822,False,False
archive/raw/ImposterRaw\0006\0006_00_03_03_470.jpg,0.32857489585876465,False,False
archive/raw/ImposterRaw\0009\0009_01_02_03_174.jpg,0.3259360194206238,False,False
archive/raw/ImposterRaw\0007\0007_01_02_03_154.jpg,0.3172597885131836,False,False
archive/raw/ImposterRaw\0002\0002_01_04_03_283.jpg,0.3198716640472412,False,False
archive/raw/ImposterRaw\0002\0002_01_04_03_261.jpg,0.3001171946525574,False,False
archive/raw/ImposterRaw\0015\0015_01_03_03_420.jpg,0.32490789890289307,False,False
archive/raw/ImposterRaw\0008\0008_00_02_03_244.jpg,0.34020185470581055,False,False
archive/raw/ImposterRaw\0001\0001_00_00_01_346.jpg,0.3274060785770416,False,False
archive/raw/ImposterRaw\0007\0007_01_04_03_126.jpg,0.32469403743743896,False,False
archive/raw/ImposterRaw\0005\0005_00_01_03_148.jpg,0.32036423683166504,False,False
archive/raw/ImposterRaw\0001\0001_00_01_03_32.jpg,0.3277016282081604,False,False
archive/raw/ImposterRaw\0006\0006_00_02_02_272.jpg,0.33926302194595337,False,False
archive/raw/ImposterRaw\0007\0007_01_08_03_32.jpg,0.31867852807044983,False,False
archive/raw/ImposterRaw\0004\0004_01_04_03_279.jpg,0.3353414833545685,False,False
archive/raw/ImposterRaw\0002\0002_01_08_03_369.jpg,0.32507821917533875,False,False
archive/raw/ImposterRaw\0008\0008_00_02_03_341.jpg,0.31535467505455017,False,False
archive/raw/ImposterRaw\0008\0008_00_02_03_32.jpg,0.34572634100914,False,False
archive/raw/ImposterRaw\0016\0016_01_02_03_292.jpg,0.32772326469421387,False,False
archive/raw/ImposterRaw\0006\0006_00_01_03_467.jpg,0.3270585536956787,False,False
archive/raw/ImposterRaw\0015\0015_01_01_03_126.jpg,0.31053102016448975,False,False
archive/raw/ImposterRaw\0011\0011_01_02_03_99.jpg,0.3302437663078308,False,False
archive/raw/ImposterRaw\0014\0014_01_03_03_251.jpg,0.3268003463745117,False,False
archive/raw/ImposterRaw\0005\0005_00_00_01_165.jpg,0.3759167492389679,False,False
archive/raw/ImposterRaw\0003\0003_01_03_03_160.jpg,0.324704647064209,False,False
archive/raw/ImposterRaw\0008\0008_00_04_02_462.jpg,0.3147391974925995,False,False
archive/raw/ImposterRaw\0005\0005_00_02_03_466.jpg,0.31620699167251587,False,False
archive/raw/ImposterRaw\0001\0001_00_00_01_143.jpg,0.32385092973709106,False,False
archive/raw/ImposterRaw\0004\0004_01_03_03_96.jpg,0.3115825951099396,False,False
archive/raw/ImposterRaw\0011\0011_01_04_03_67.jpg,0.3261047303676605,False,False
archive/raw/ImposterRaw\0016\0016_01_01_03_170.jpg,0.31446295976638794,False,False
archive/raw/ImposterRaw\0015\0015_01_01_03_89.jpg,0.3656644821166992,False,False
archive/raw/ImposterRaw\0007\0007_01_01_03_35.jpg,0.33299076557159424,False,False
archive/raw/ImposterRaw\0009\0009_01_02_02_5.jpg,0.34303590655326843,False,False
archive/raw/ImposterRaw\0016\0016_01_08_03_237.jpg,0.32269737124443054,False,False
archive/raw/ImposterRaw\0009\0009_01_04_03_390.jpg,0.3183383643627167,False,False
archive/raw/ImposterRaw\0006\0006_00_04_02_77.jpg,0.31665173172950745,False,False
archive/raw/ImposterRaw\0007\0007_01_02_03_0.jpg,0.3240984380245209,False,False
archive/raw/ImposterRaw\0006\0006_00_08_03_210.jpg,0.32931217551231384,False,False
archive/raw/ImposterRaw\0015\0015_01_02_03_241.jpg,0.339786171913147,False,False
archive/raw/ImposterRaw\0007\0007_01_04_02_0.jpg,0.25426337122917175,False,False
archive/raw/ImposterRaw\0002\0002_01_02_03_368.jpg,0.3304717540740967,False,False
archive/raw/ImposterRaw\0012\0012_01_01_03_50.jpg,0.3125658929347992,False,False
archive/raw/ImposterRaw\0005\0005_00_08_03_185.jpg,0.3376648426055908,False,False
archive/raw/ImposterRaw\0003\0003_01_03_03_381.jpg,0.3467482030391693,False,False
archive/raw/ImposterRaw\0007\0007_01_03_02_443.jpg,0.3275876045227051,False,False
archive/raw/ImposterRaw\0006\0006_00_03_03_56.jpg,0.3410497009754181,False,False
archive/raw/ImposterRaw\0015\0015_01_04_03_377.jpg,0.30213072896003723,False,False
archive/raw/ImposterRaw\0015\0015_01_08_03_166.jpg,0.32803118228912354,False,False
archive/raw/ImposterRaw\0004\0004_01_03_02_359.jpg,0.31639179587364197,False,False
archive/raw/ImposterRaw\0006\0006_00_04_03_113.jpg,0.2842967212200165,False,False
archive/raw/ImposterRaw\0009\0009_01_03_03_185.jpg,0.3194581866264343,False,False
archive/raw/ImposterRaw\0009\0009_01_08_03_109.jpg,0.32883819937705994,False,False
archive/raw/ImposterRaw\0005\0005_00_03_02_289.jpg,0.326376348733902,False,False
archive/raw/ImposterRaw\0007\0007_01_00_01_238.jpg,0.3390047550201416,False,False
archive/raw/ImposterRaw\0012\0012_01_08_03_200.jpg,0.3298584222793579,False,False
archive/raw/ImposterRaw\0011\0011_01_08_03_136.jpg,0.33731958270072937,False,False
archive/raw/ImposterRaw\0005\0005_00_04_03_109.jpg,0.31522712111473083,False,False
archive/raw/ImposterRaw\0009\0009_01_00_01_475.jpg,0.33918508887290955,False,False
archive/raw/ImposterRaw\0012\0012_01_01_03_195.jpg,0.3286018669605255,False,False
archive/raw/ImposterRaw\0001\0001_00_08_03_92.jpg,0.31793054938316345,False,False
archive/raw/ImposterRaw\0009\0009_01_01_03_460.jpg,0.3275035321712494,False,False
archive/raw/ImposterRaw\0010\0010_01_01_03_198.jpg,0.33349576592445374,False,False
archive/raw/ImposterRaw\0008\0008_00_01_03_222.jpg,0.3214203715324402,False,False
archive/raw/ImposterRaw\0001\0001_00_08_03_374.jpg,0.3189154267311096,False,False
archive/raw/ImposterRaw\0011\0011_01_03_03_19.jpg,0.3202444314956665,False,False
archive/raw/ImposterRaw\0002\0002_01_01_03_417.jpg,0.3463970124721527,False,False
archive/raw/ImposterRaw\0006\0006_00_00_01_335.jpg,0.33014538884162903,False,False
archive/raw/ImposterRaw\0011\0011_01_08_03_239.jpg,0.32840216159820557,False,False
archive/raw/ImposterRaw\0012\0012_01_02_03_84.jpg,0.3082020878791809,False,False
archive/raw/ImposterRaw\0006\0006_00_01_03_127.jpg,0.3082614541053772,False,False
archive/raw/ImposterRaw\0004\0004_01_01_03_0.jpg,0.3733293414115906,False,False
archive/raw/ImposterRaw\0010\0010_01_02_03_351.jpg,0.3297337293624878,False,False
archive/raw/ImposterRaw\0003\0003_01_02_03_415.jpg,0.3204878866672516,False,False
archive/raw/ImposterRaw\0015\0015_01_04_03_363.jpg,0.32582977414131165,False,False
archive/raw/ImposterRaw\0007\0007_01_04_02_459.jpg,0.3185647428035736,False,False
archive/raw/ImposterRaw\0012\0012_01_01_03_258.jpg,0.34656158089637756,False,False
archive/raw/ImposterRaw\0004\0004_01_01_02_116.jpg,0.3439393639564514,False,False
archive/raw/ImposterRaw\0015\0015_01_08_03_358.jpg,0.34216463565826416,False,False
archive/raw/ImposterRaw\0014\0014_01_01_03_325.jpg,0.3011460602283478,False,False
archive/raw/ImposterRaw\0005\0005_00_03_03_99.jpg,0.34743762016296387,False,False
archive/raw/ImposterRaw\0007\0007_01_00_01_199.jpg,0.3519246280193329,False,False
archive/raw/ImposterRaw\0007\0007_01_02_03_115.jpg,0.34238535165786743,False,False
archive/raw/ImposterRaw\0005\0005_00_01_03_164.jpg,0.3197910487651825,False,False
archive/raw/ImposterRaw\0008\0008_00_02_02_243.jpg,0.3320716917514801,False,False
archive/raw/ImposterRaw\0002\0002_01_04_03_304.jpg,0.33162981271743774,False,False
archive/raw/ImposterRaw\0002\0002_01_00_01_481.jpg,0.34071657061576843,False,False
archive/raw/ImposterRaw\0012\0012_01_02_03_457.jpg,0.3276270925998688,False,False
archive/raw/ImposterRaw\0005\0005_00_01_03_120.jpg,0.31573519110679626,False,False
archive/raw/ImposterRaw\0004\0004_01_08_03_77.jpg,0.3297622799873352,False,False
archive/raw/ImposterRaw\0008\0008_00_02_03_347.jpg,0.3122987151145935,False,False
archive/raw/ImposterRaw\0009\0009_01_02_03_422.jpg,0.337914377450943,False,False
archive/raw/ImposterRaw\0004\0004_01_04_03_30.jpg,0.3279576897621155,False,False
archive/raw/ImposterRaw\0006\0006_00_02_02_136.jpg,0.3279816806316376,False,False
archive/raw/ImposterRaw\0005\0005_00_03_03_491.jpg,0.3159450888633728,False,False
archive/raw/ImposterRaw\0010\0010_01_02_03_63.jpg,0.31890517473220825,False,False
archive/raw/ImposterRaw\0003\0003_01_00_01_55.jpg,0.3462933599948883,False,False
archive/raw/ImposterRaw\0007\0007_01_02_02_69.jpg,0.32441896200180054,False,False
archive/raw/ImposterRaw\0008\0008_00_04_03_211.jpg,0.32412388920783997,False,False
archive/raw/ImposterRaw\0006\0006_00_03_02_468.jpg,0.30145663022994995,False,False
archive/raw/ImposterRaw\0005\0005_00_03_03_70.jpg,0.3449808359146118,False,False
archive/raw/ImposterRaw\0001\0001_00_08_03_363.jpg,0.3167322874069214,False,False
archive/raw/ImposterRaw\0009\0009_01_04_03_136.jpg,0.3031931519508362,False,False
archive/raw/ImposterRaw\0016\0016_01_08_03_493.jpg,0.3124784231185913,False,False
archive/raw/ImposterRaw\0016\0016_01_01_03_412.jpg,0.3470543324947357,False,False
archive/raw/ImposterRaw\0001\0001_00_02_03_478.jpg,0.33383500576019287,False,False
archive/raw/ImposterRaw\0009\0009_01_01_02_404.jpg,0.3252418339252472,False,False
archive/raw/ImposterRaw\0003\0003_01_02_03_480.jpg,0.30479446053504944,False,False
archive/raw/ImposterRaw\0004\0004_01_04_03_365.jpg,0.3356693387031555,False,False
archive/raw/ImposterRaw\0011\0011_01_01_03_389.jpg,0.3137851655483246,False,False
archive/raw/ImposterRaw\0006\0006_00_01_02_160.jpg,0.32639333605766296,False,False
archive/raw/ImposterRaw\0006\0006_00_08_03_56.jpg,0.3304709196090698,False,False
archive/raw/ImposterRaw\0008\0008_00_03_03_188.jpg,0.31118690967559814,False,False
archive/raw/ImposterRaw\0005\0005_00_01_03_0.jpg,0.3822403848171234,False,False
archive/raw/ImposterRaw\0014\0014_01_04_03_457.jpg,0.3219602704048157,False,False
archive/raw/ImposterRaw\0007\0007_01_02_03_11.jpg,0.3327084183692932,False,False
archive/raw/ImposterRaw\0002\0002_01_00_01_107.jpg,0.36790356040000916,False,False
archive/raw/ImposterRaw\0015\0015_01_04_03_309.jpg,0.32754209637641907,False,False
archive/raw/ImposterRaw\0001\0001_00_03_03_472.jpg,0.3273112177848816,False,False
archive/raw/ImposterRaw\0006\0006_00_01_02_2.jpg,0.35611042380332947,False,False
archive/raw/ImposterRaw\0008\0008_00_01_03_81.jpg,0.3517020344734192,False,False
archive/raw/ImposterRaw\0003\0003_01_01_03_274.jpg,0.34292590618133545,False,False
archive/raw/ImposterRaw\0014\0014_01_03_03_346.jpg,0.32121792435646057,False,False
archive/raw/ImposterRaw\0015\0015_01_03_03_185.jpg,0.31774404644966125,False,False
archive/raw/ImposterRaw\0015\0015_01_08_03_54.jpg,0.32118067145347595,False,False
archive/raw/ImposterRaw\0015\0015_01_01_03_77.jpg,0.3088279366493225,False,False
archive/raw/ImposterRaw\0007\0007_01_08_03_54.jpg,0.3214661180973053,False,False
archive/raw/ImposterRaw\0007\0007_01_01_02_463.jpg,0.3278735876083374,False,False
archive/raw/ImposterRaw\0002\0002_01_01_02_242.jpg,0.3433306813240051,False,False
archive/raw/ImposterRaw\0004\0004_01_01_03_147.jpg,0.3362291157245636,False,False
archive/raw/ImposterRaw\0011\0011_01_03_03_212.jpg,0.3216628432273865,False,False
archive/raw/ImposterRaw\0001\0001_00_00_01_27.jpg,0.36132553219795227,False,False
archive/raw/ImposterRaw\0006\0006_00_00_01_45.jpg,0.32959768176078796,False,False
archive/raw/ImposterRaw\0006\0006_00_00_01_349.jpg,0.33429834246635437,False,False
archive/raw/ImposterRaw\0014\0014_01_02_03_285.jpg,0.33082231879234314,False,False
archive/raw/ImposterRaw\0010\0010_01_02_03_189.jpg,0.3423031270503998,False,False
archive/raw/ImposterRaw\0008\0008_00_04_02_314.jpg,0.3501735329627991,False,False
archive/raw/ImposterRaw\0004\0004_01_02_03_430.jpg,0.3230178654193878,False,False
archive/raw/ImposterRaw\0004\0004_01_02_02_116.jpg,0.3135574162006378,False,False
archive/raw/ImposterRaw\0001\0001_00_03_02_376.jpg,0.3382308781147003,False,False
archive/raw/ImposterRaw\0009\0009_01_04_03_325.jpg,0.33472368121147156,False,False
archive/raw/ImposterRaw\0014\0014_01_01_03_61.jpg,0.31228819489479065,False,False
archive/raw/ImposterRaw\0001\0001_00_01_03_185.jpg,0.32612189650535583,False,False
archive/raw/ImposterRaw\0006\0006_00_00_01_159.jpg,0.3182295262813568,False,False
archive/raw/ImposterRaw\0010\0010_01_08_03_226.jpg,0.33305031061172485,False,False
archive/raw/ImposterRaw\0003\0003_01_03_03_112.jpg,0.3271806240081787,False,False
archive/raw/ImposterRaw\0007\0007_01_01_03_42.jpg,0.34224024415016174,False,False
archive/raw/ImposterRaw\0016\0016_01_08_03_419.jpg,0.3341484069824219,False,False
archive/raw/ImposterRaw\0008\0008_00_00_01_480.jpg,0.3316487967967987,False,False
archive/raw/ImposterRaw\0008\0008_00_00_01_444.jpg,0.33434274792671204,False,False
archive/raw/ImposterRaw\0005\0005_00_04_03_470.jpg,0.3354214131832123,False,False
archive/raw/ImposterRaw\0003\0003_01_01_02_50.jpg,0.3257860243320465,False,False
archive/raw/ImposterRaw\0008\0008_00_00_01_387.jpg,0.3333008885383606,False,False
archive/raw/ImposterRaw\0011\0011_01_01_03_360.jpg,0.30602720379829407,False,False
archive/raw/ImposterRaw\0001\0001_00_03_03_383.jpg,0.324288547039032,False,False
archive/raw/ImposterRaw\0004\0004_01_08_03_158.jpg,0.3314734101295471,False,False
archive/raw/ImposterRaw\0002\0002_01_01_03_282.jpg,0.33754298090934753,False,False
archive/raw/ImposterRaw\0007\0007_01_08_03_341.jpg,0.3186149001121521,False,False
archive/raw/ImposterRaw\0002\0002_01_03_03_186.jpg,0.3293345272541046,False,False
archive/raw/ImposterRaw\0015\0015_01_01_03_316.jpg,0.33505022525787354,False,False
archive/raw/ImposterRaw\0004\0004_01_03_03_51.jpg,0.34313851594924927,False,False
archive/raw/ImposterRaw\0010\0010_01_02_03_428.jpg,0.31510844826698303,False,False
archive/raw/ImposterRaw\0008\0008_00_02_03_406.jpg,0.304939866065979,False,False
archive/raw/ImposterRaw\0005\0005_00_02_03_222.jpg,0.33712950348854065,False,False
archive/raw/ImposterRaw\0005\0005_00_00_01_383.jpg,0.3528369963169098,False,False
archive/raw/ImposterRaw\0002\0002_01_08_03_260.jpg,0.32308679819107056,False,False
archive/raw/ImposterRaw\0004\0004_01_00_01_425.jpg,0.3256893754005432,False,False
archive/raw/ImposterRaw\0005\0005_00_01_03_180.jpg,0.31939682364463806,False,False
archive/raw/ImposterRaw\0008\0008_00_08_03_160.jpg,0.3150119185447693,False,False
archive/raw/ImposterRaw\0006\0006_00_02_03_287.jpg,0.33364108204841614,False,False
archive/raw/ImposterRaw\0007\0007_01_00_01_352.jpg,0.323258638381958,False,False
archive/raw/ImposterRaw\0004\0004_01_00_01_303.jpg,0.3280935287475586,False,False
archive/raw/ImposterRaw\0008\0008_00_03_03_171.jpg,0.3119708299636841,False,False
archive/raw/ImposterRaw\0006\0006_00_04_03_84.jpg,0.3339119255542755,False,False
archive/raw/ImposterRaw\0002\0002_01_04_02_477.jpg,0.33748888969421387,False,False
archive/raw/ImposterRaw\0006\0006_00_00_01_431.jpg,0.33990564942359924,False,False
archive/raw/ImposterRaw\0011\0011_01_01_03_328.jpg,0.30400994420051575,False,False
archive/raw/ImposterRaw\0004\0004_01_04_03_49.jpg,0.331686794757843,False,False
archive/raw/ImposterRaw\0014\0014_01_04_03_135.jpg,0.32898131012916565,False,False
archive/raw/ImposterRaw\0014\0014_01_03_03_418.jpg,0.33737561106681824,False,False
archive/raw/ImposterRaw\0005\0005_00_02_03_455.jpg,0.3273755609989166,False,False
archive/raw/ImposterRaw\0016\0016_01_01_03_448.jpg,0.31748488545417786,False,False
archive/raw/ImposterRaw\0007\0007_01_08_03_141.jpg,0.32115787267684937,False,False
archive/raw/ImposterRaw\0003\0003_01_08_03_455.jpg,0.3453235328197479,False,False
archive/raw/ImposterRaw\0009\0009_01_01_03_87.jpg,0.3460424542427063,False,False
archive/raw/ImposterRaw\0011\0011_01_04_03_72.jpg,0.33328282833099365,False,False
archive/raw/ImposterRaw\0007\0007_01_01_03_409.jpg,0.3367570638656616,False,False
archive/raw/ImposterRaw\0011\0011_01_04_03_171.jpg,0.32101473212242126,False,False
archive/raw/ImposterRaw\0001\0001_00_02_03_472.jpg,0.3296799957752228,False,False
archive/raw/ImposterRaw\0012\0012_01_01_03_468.jpg,0.3422718346118927,False,False
archive/raw/ImposterRaw\0016\0016_01_03_03_31.jpg,0.31974467635154724,False,False
archive/raw/ImposterRaw\0009\0009_01_01_03_6.jpg,0.3426358103752136,False,False
archive/raw/ImposterRaw\0016\0016_01_03_03_127.jpg,0.32891201972961426,False,False
archive/raw/ImposterRaw\0005\0005_00_04_02_371.jpg,0.3439789116382599,False,False
archive/raw/ImposterRaw\0003\0003_01_08_03_314.jpg,0.3196670114994049,False,False
archive/raw/ImposterRaw\0001\0001_00_00_01_72.jpg,0.3386881947517395,False,False
archive/raw/ImposterRaw\0006\0006_00_01_03_89.jpg,0.3424376845359802,False,False
archive/raw/ImposterRaw\0010\0010_01_01_03_363.jpg,0.3221031427383423,False,False
archive/raw/ImposterRaw\0007\0007_01_02_03_275.jpg,0.3328489363193512,False,False
archive/raw/ImposterRaw\0004\0004_01_03_03_147.jpg,0.3013383746147156,False,False
archive/raw/ImposterRaw\0003\0003_01_01_03_440.jpg,0.3292337954044342,False,False
archive/raw/ImposterRaw\0015\0015_01_08_03_224.jpg,0.29772621393203735,False,False
archive/raw/ImposterRaw\0016\0016_01_03_03_72.jpg,0.31665509939193726,False,False
archive/raw/ImposterRaw\0006\0006_00_04_03_319.jpg,0.30431732535362244,False,False
archive/raw/ImposterRaw\0006\0006_00_03_02_119.jpg,0.33438238501548767,False,False
archive/raw/ImposterRaw\0007\0007_01_00_01_367.jpg,0.33973416686058044,False,False
archive/raw/ImposterRaw\0003\0003_01_03_03_278.jpg,0.33348509669303894,False,False
archive/raw/ImposterRaw\0005\0005_00_02_03_363.jpg,0.33900439739227295,False,False
archive/raw/ImposterRaw\0006\0006_00_02_03_462.jpg,0.3392586410045624,False,False
archive/raw/ImposterRaw\0008\0008_00_00_01_485.jpg,0.33170056343078613,False,False
archive/raw/ImposterRaw\0001\0001_00_00_01_81.jpg,0.3291080892086029,False,False
archive/raw/ImposterRaw\0006\0006_00_00_01_88.jpg,0.3410068452358246,False,False
archive/raw/ImposterRaw\0003\0003_01_02_03_475.jpg,0.3101612329483032,False,False
archive/raw/ImposterRaw\0009\0009_01_08_03_271.jpg,0.3351617455482483,False,False
archive/raw/ImposterRaw\0004\0004_01_00_01_402.jpg,0.32565176486968994,False,False
archive/raw/ImposterRaw\0003\0003_01_08_03_488.jpg,0.3410831391811371,False,False
archive/raw/ImposterRaw\0004\0004_01_01_02_414.jpg,0.32844430208206177,False,False
archive/raw/ImposterRaw\0012\0012_01_02_03_10.jpg,0.33570244908332825,False,False
archive/raw/ImposterRaw\0012\0012_01_01_03_231.jpg,0.3499925136566162,False,False
archive/raw/ImposterRaw\0002\0002_01_08_03_25.jpg,0.3243165612220764,False,False
archive/raw/ImposterRaw\0009\0009_01_08_03_87.jpg,0.3289746344089508,False,False
archive/raw/ImposterRaw\0016\0016_01_03_03_0.jpg,0.30812251567840576,False,False
archive/raw/ImposterRaw\0016\0016_01_01_03_160.jpg,0.3129541277885437,False,False
archive/raw/ImposterRaw\0008\0008_00_04_03_341.jpg,0.3480378985404968,False,False
archive/raw/ImposterRaw\0002\0002_01_01_02_116.jpg,0.3419591188430786,False,False
archive/raw/ImposterRaw\0002\0002_01_08_03_76.jpg,0.32241711020469666,False,False
archive/raw/ImposterRaw\0001\0001_00_01_02_224.jpg,0.3379348814487457,False,False
archive/raw/ImposterRaw\0007\0007_01_03_02_369.jpg,0.3246605396270752,False,False
archive/raw/ImposterRaw\0016\0016_01_03_03_329.jpg,0.33369940519332886,False,False
archive/raw/ImposterRaw\0003\0003_01_03_03_439.jpg,0.34999728202819824,False,False
archive/raw/ImposterRaw\0003\0003_01_03_03_256.jpg,0.3559865355491638,False,False
archive/raw/ImposterRaw\0003\0003_01_08_03_211.jpg,0.3201524019241333,False,False
archive/raw/ImposterRaw\0008\0008_00_04_02_189.jpg,0.3521905839443207,False,False
archive/raw/ImposterRaw\0002\0002_01_04_03_267.jpg,0.31237703561782837,False,False
archive/raw/ImposterRaw\0002\0002_01_01_02_189.jpg,0.34668466448783875,False,False
archive/raw/ImposterRaw\0007\0007_01_03_03_288.jpg,0.3142812252044678,False,False
archive/raw/ImposterRaw\0009\0009_01_01_03_81.jpg,0.34546977281570435,False,False
archive/raw/ImposterRaw\0008\0008_00_03_03_193.jpg,0.3113919198513031,False,False
archive/raw/ImposterRaw\0008\0008_00_04_03_163.jpg,0.34780579805374146,False,False
archive/raw/ImposterRaw\0005\0005_00_08_03_460.jpg,0.3379247784614563,False,False
archive/raw/ImposterRaw\0007\0007_01_01_03_371.jpg,0.3080902695655823,False,False
archive/raw/ImposterRaw\0006\0006_00_03_03_117.jpg,0.3063525855541229,False,False
archive/raw/ImposterRaw\0005\0005_00_00_01_27.jpg,0.34143057465553284,False,False
archive/raw/ImposterRaw\0010\0010_01_08_03_71.jpg,0.34606021642684937,False,False
archive/raw/ImposterRaw\0001\0001_00_00_01_490.jpg,0.3368060886859894,False,False
archive/raw/ImposterRaw\0010\0010_01_08_03_232.jpg,0.3388842046260834,False,False
archive/raw/ImposterRaw\0008\0008_00_02_03_255.jpg,0.3462306261062622,False,False
archive/raw/ImposterRaw\0005\0005_00_00_01_498.jpg,0.36218589544296265,False,False
archive/raw/ImposterRaw\0011\0011_01_04_03_362.jpg,0.33750540018081665,False,False
archive/raw/ImposterRaw\0011\0011_01_02_03_374.jpg,0.3185412883758545,False,False
archive/raw/ImposterRaw\0003\0003_01_04_02_248.jpg,0.329153448343277,False,False
archive/raw/ImposterRaw\0014\0014_01_03_03_13.jpg,0.33130574226379395,False,False
archive/raw/ImposterRaw\0005\0005_00_04_03_169.jpg,0.3284282684326172,False,False
archive/raw/ImposterRaw\0011\0011_01_08_03_119.jpg,0.3238425552845001,False,False
archive/raw/ImposterRaw\0014\0014_01_01_03_412.jpg,0.34481897950172424,False,False
archive/raw/ImposterRaw\0005\0005_00_02_03_293.jpg,0.32840102910995483,False,False
archive/raw/ImposterRaw\0007\0007_01_02_03_387.jpg,0.3156132996082306,False,False
archive/raw/ImposterRaw\0005\0005_00_04_03_253.jpg,0.3414813280105591,False,False
archive/raw/ImposterRaw\0007\0007_01_03_03_390.jpg,0.32698357105255127,False,False
archive/raw/ImposterRaw\0009\0009_01_00_01_481.jpg,0.33700281381607056,False,False
archive/raw/ImposterRaw\0002\0002_01_00_01_288.jpg,0.3368532955646515,False,False
archive/raw/ImposterRaw\0007\0007_01_08_03_260.jpg,0.31837284564971924,False,False
archive/raw/ImposterRaw\0002\0002_01_03_03_103.jpg,0.3289005756378174,False,False
archive/raw/ImposterRaw\0011\0011_01_04_03_427.jpg,0.31439825892448425,False,False
archive/raw/ImposterRaw\0003\0003_01_08_03_38.jpg,0.32098549604415894,False,False
archive/raw/ImposterRaw\0004\0004_01_04_03_0.jpg,0.30483153462409973,False,False
archive/raw/ImposterRaw\0002\0002_01_08_03_98.jpg,0.31987351179122925,False,False
archive/raw/ImposterRaw\0015\0015_01_04_03_421.jpg,0.3171030879020691,False,False
archive/raw/ImposterRaw\0015\0015_01_03_03_143.jpg,0.3253648579120636,False,False
archive/raw/ImposterRaw\0001\0001_00_08_03_271.jpg,0.32010406255722046,False,False
archive/raw/ImposterRaw\0007\0007_01_04_02_422.jpg,0.32543307542800903,False,False
archive/raw/ImposterRaw\0015\0015_01_03_03_288.jpg,0.3361671566963196,False,False
archive/raw/ImposterRaw\0009\0009_01_08_03_385.jpg,0.333366721868515,False,False
archive/raw/ImposterRaw\0012\0012_01_01_03_236.jpg,0.3275068700313568,False,False
archive/raw/ImposterRaw\0006\0006_00_08_03_192.jpg,0.32932353019714355,False,False
archive/raw/ImposterRaw\0004\0004_01_08_03_55.jpg,0.3279002010822296,False,False
archive/raw/ImposterRaw\0004\0004_01_08_03_12.jpg,0.33218881487846375,False,False
archive/raw/ImposterRaw\0009\0009_01_03_03_364.jpg,0.3071628510951996,False,False
archive/raw/ImposterRaw\0012\0012_01_02_03_171.jpg,0.3126276433467865,False,False
archive/raw/ImposterRaw\0008\0008_00_03_02_46.jpg,0.32159265875816345,False,False
archive/raw/ImposterRaw\0002\0002_01_01_03_136.jpg,0.32232365012168884,False,False
archive/raw/ImposterRaw\0002\0002_01_00_01_369.jpg,0.3648329973220825,False,False
archive/raw/ImposterRaw\0010\0010_01_01_03_226.jpg,0.34257224202156067,False,False
archive/raw/ImposterRaw\0011\0011_01_03_03_207.jpg,0.3357870280742645,False,False
archive/raw/ImposterRaw\0003\0003_01_01_03_263.jpg,0.3156092166900635,False,False
archive/raw/ImposterRaw\0010\0010_01_02_03_276.jpg,0.32540059089660645,False,False
archive/raw/ImposterRaw\0008\0008_00_08_03_364.jpg,0.3149700164794922,False,False
archive/raw/ImposterRaw\0007\0007_01_04_03_148.jpg,0.31917428970336914,False,False
archive/raw/ImposterRaw\0004\0004_01_04_03_251.jpg,0.3388308882713318,False,False
archive/raw/ImposterRaw\0008\0008_00_04_03_374.jpg,0.32550114393234253,False,False
archive/raw/ImposterRaw\0015\0015_01_08_03_330.jpg,0.31359240412712097,False,False
archive/raw/ImposterRaw\0009\0009_01_08_03_363.jpg,0.3324829638004303,False,False
archive/raw/ImposterRaw\0015\0015_01_01_03_446.jpg,0.31689852476119995,False,False
archive/raw/ImposterRaw\0002\0002_01_04_03_339.jpg,0.33492371439933777,False,False
archive/raw/ImposterRaw\0008\0008_00_02_03_477.jpg,0.3252161145210266,False,False
archive/raw/ImposterRaw\0001\0001_00_01_03_461.jpg,0.33184272050857544,False,False
archive/raw/ImposterRaw\0008\0008_00_04_03_391.jpg,0.3276037573814392,False,False
archive/raw/ImposterRaw\0009\0009_01_01_03_406.jpg,0.3280297815799713,False,False
archive/raw/ImposterRaw\0003\0003_01_00_01_359.jpg,0.3600045442581177,False,False
archive/raw/ImposterRaw\0001\0001_00_01_03_244.jpg,0.317302942276001,False,False
archive/raw/ImposterRaw\0002\0002_01_01_02_314.jpg,0.3549847900867462,False,False
archive/raw/ImposterRaw\0001\0001_00_04_03_316.jpg,0.33406850695610046,False,False
archive/raw/ImposterRaw\0001\0001_00_03_03_280.jpg,0.3204989731311798,False,False
archive/raw/ImposterRaw\0008\0008_00_08_03_448.jpg,0.31955236196517944,False,False
archive/raw/ImposterRaw\0008\0008_00_03_03_62.jpg,0.3443920612335205,False,False
archive/raw/ImposterRaw\0011\0011_01_01_03_262.jpg,0.3163624703884125,False,False
archive/raw/ImposterRaw\0012\0012_01_08_03_345.jpg,0.3298026919364929,False,False
archive/raw/ImposterRaw\0007\0007_01_04_03_22.jpg,0.32527652382850647,False,False
archive/raw/ImposterRaw\0008\0008_00_08_03_490.jpg,0.31824415922164917,False,False
archive/raw/ImposterRaw\0016\0016_01_08_03_363.jpg,0.3114383816719055,False,False
archive/raw/ImposterRaw\0002\0002_01_08_03_309.jpg,0.32377907633781433,False,False
archive/raw/ImposterRaw\0015\0015_01_03_03_230.jpg,0.31257566809654236,False,False
archive/raw/ImposterRaw\0009\0009_01_01_03_98.jpg,0.3388553559780121,False,False
archive/raw/ImposterRaw\0008\0008_00_01_03_152.jpg,0.30849823355674744,False,False
archive/raw/ImposterRaw\0005\0005_00_08_03_217.jpg,0.33874595165252686,False,False
archive/raw/ImposterRaw\0009\0009_01_04_03_336.jpg,0.3319412171840668,False,False
archive/raw/ImposterRaw\0008\0008_00_08_03_424.jpg,0.3166755437850952,False,False
archive/raw/ImposterRaw\0002\0002_01_00_01_297.jpg,0.3338991403579712,False,False
archive/raw/ImposterRaw\0009\0009_01_02_03_363.jpg,0.32614007592201233,False,False
archive/raw/ImposterRaw\0002\0002_01_01_03_92.jpg,0.34691721200942993,False,False
